# Blender 5.0.1
# www.blender.org
mtllib  Geode.mtl
o Cube.002
v -1.000000 -1.000000 1.000000
v -1.000000 1.000000 1.000000
v -1.000000 -1.000000 -1.000000
v -1.000000 1.000000 -1.000000
v 1.000000 -1.000000 1.000000
v 1.000000 1.000000 1.000000
v 1.000000 -1.000000 -1.000000
v 1.000000 1.000000 -1.000000
v 0.315387 0.362978 0.708683
v 2.236833 0.367512 0.153684
v -0.239614 0.363145 -1.212767
v 1.681831 0.367680 -1.767767
v 0.318706 -1.177018 0.707590
v 2.240152 -1.172484 0.152591
v -0.236296 -1.176851 -1.213861
v 1.685150 -1.172316 -1.768860
v 1.649065 -0.483832 -0.004568
v 1.488136 -1.980804 -0.518520
v 1.046363 -0.114696 -1.832443
v 0.885435 -1.611668 -2.346395
v 0.186031 -0.489881 0.476152
v 0.025103 -1.986853 -0.037800
v -0.416671 -0.120746 -1.351723
v -0.577599 -1.617718 -1.865675
v 0.416878 -1.592697 -0.296304
v -1.147635 -1.417415 -0.491534
v 0.420267 -1.144836 -2.166004
v -1.144246 -0.969554 -2.361234
v 0.559089 -0.466178 0.162979
v -1.005424 -0.290895 -0.032251
v 0.562478 -0.018317 -1.706721
v -1.002035 0.156966 -1.901951
v -0.696995 -0.694207 -0.399705
v -0.602835 0.525915 -0.486331
v -0.835955 -0.516452 -2.307777
v -0.741795 0.703671 -2.394403
v 0.516894 -0.801154 -0.315963
v 0.611054 0.418969 -0.402588
v 0.377935 -0.623398 -2.224034
v 0.472095 0.596725 -2.310660
vn -1.0000 -0.0000 -0.0000
vn -0.0000 -0.0000 -1.0000
vn 1.0000 -0.0000 -0.0000
vn -0.0000 -0.0000 1.0000
vn -0.0000 -1.0000 -0.0000
vn -0.0000 1.0000 -0.0000
vn -0.0022 1.0000 0.0007
vn -0.2775 0.0001 -0.9607
vn 0.0022 -1.0000 -0.0007
vn 0.2775 -0.0001 0.9607
vn -0.9607 -0.0023 0.2775
vn 0.9607 0.0023 -0.2775
vn 0.9500 0.0051 -0.3122
vn -0.2950 0.3385 -0.8935
vn -0.9500 -0.0051 0.3122
vn 0.2950 -0.3385 0.8935
vn 0.0551 0.9821 0.1802
vn -0.0551 -0.9821 -0.1802
vn -0.0796 -0.9694 -0.2323
vn 0.1549 0.3561 -0.9215
vn 0.0796 0.9694 0.2323
vn -0.1549 -0.3561 0.9215
vn 0.9930 -0.1149 -0.0257
vn -0.9930 0.1149 0.0257
vn -0.9934 0.0823 0.0800
vn 0.0620 -0.0754 -0.9952
vn 0.9934 -0.0823 -0.0800
vn -0.0620 0.0754 0.9952
vn -0.0815 -0.9929 -0.0866
vn 0.0815 0.9929 0.0866
vt 0.375000 0.000000
vt 0.625000 0.000000
vt 0.625000 0.250000
vt 0.375000 0.250000
vt 0.625000 0.500000
vt 0.375000 0.500000
vt 0.625000 0.750000
vt 0.375000 0.750000
vt 0.625000 1.000000
vt 0.375000 1.000000
vt 0.125000 0.500000
vt 0.125000 0.750000
vt 0.875000 0.500000
vt 0.875000 0.750000
s 0
usemtl Procedural_Nero_Marquina
f 1/1/1 2/2/1 4/3/1 3/4/1
f 3/4/2 4/3/2 8/5/2 7/6/2
f 7/6/3 8/5/3 6/7/3 5/8/3
f 5/8/4 6/7/4 2/9/4 1/10/4
f 3/11/5 7/6/5 5/8/5 1/12/5
f 8/5/6 4/13/6 2/14/6 6/7/6
f 9/1/7 10/2/7 12/3/7 11/4/7
f 11/4/8 12/3/8 16/5/8 15/6/8
f 15/6/9 16/5/9 14/7/9 13/8/9
f 13/8/10 14/7/10 10/9/10 9/10/10
f 11/11/11 15/6/11 13/8/11 9/12/11
f 16/5/12 12/13/12 10/14/12 14/7/12
f 17/1/13 18/2/13 20/3/13 19/4/13
f 19/4/14 20/3/14 24/5/14 23/6/14
f 23/6/15 24/5/15 22/7/15 21/8/15
f 21/8/16 22/7/16 18/9/16 17/10/16
f 19/11/17 23/6/17 21/8/17 17/12/17
f 24/5/18 20/13/18 18/14/18 22/7/18
f 25/1/19 26/2/19 28/3/19 27/4/19
f 27/4/20 28/3/20 32/5/20 31/6/20
f 31/6/21 32/5/21 30/7/21 29/8/21
f 29/8/22 30/7/22 26/9/22 25/10/22
f 27/11/23 31/6/23 29/8/23 25/12/23
f 32/5/24 28/13/24 26/14/24 30/7/24
f 33/1/25 34/2/25 36/3/25 35/4/25
f 35/4/26 36/3/26 40/5/26 39/6/26
f 39/6/27 40/5/27 38/7/27 37/8/27
f 37/8/28 38/7/28 34/9/28 33/10/28
f 35/11/29 39/6/29 37/8/29 33/12/29
f 40/5/30 36/13/30 34/14/30 38/7/30
o For_Ref
v -0.660000 0.384923 0.045371
v -1.620000 0.558256 0.045371
v -0.660000 0.298256 0.265371
v -1.620000 0.298256 0.118704
v -0.660000 0.558256 0.265371
v -1.620000 0.558256 0.265371
vn 0.0837 0.9271 -0.3652
vn 0.0559 -0.9290 -0.3660
vn -1.0000 -0.0000 -0.0000
vn -0.0490 -0.2711 -0.9613
vn -0.0733 -0.2707 0.9599
vn 1.0000 -0.0000 -0.0000
vt 0.720067 0.279933
vt 0.279933 0.279933
vt 0.279933 0.720067
vt 0.720067 0.720067
vt 0.426644 0.720067
vt 0.279933 0.426644
vt 0.426644 0.279933
s 0
usemtl Advanced_Glass_With_Imperfections
f 45/15/31 41/16/31 42/17/31 46/18/31
f 44/19/32 41/20/32 43/15/32
f 42/17/33 44/21/33 46/18/33
f 44/19/34 42/18/34 41/21/34
f 43/16/35 45/15/35 46/18/35 44/17/35
f 45/18/36 43/15/36 41/20/36
o For_Ref
v -0.660000 0.847192 0.417548
v -1.620000 1.020526 0.417548
v -0.660000 0.760526 0.637548
v -1.620000 0.760526 0.490881
v -0.660000 1.020526 0.637548
v -1.620000 1.020526 0.637548
vn 0.0837 0.9271 -0.3652
vn 0.0559 -0.9290 -0.3660
vn -1.0000 -0.0000 -0.0000
vn -0.0490 -0.2711 -0.9613
vn -0.0733 -0.2707 0.9599
vn 1.0000 -0.0000 -0.0000
vt 0.720067 0.279933
vt 0.279933 0.279933
vt 0.279933 0.720067
vt 0.720067 0.720067
vt 0.426644 0.720067
vt 0.279933 0.426644
vt 0.426644 0.279933
s 0
usemtl Advanced_Glass_With_Imperfections
f 51/22/37 47/23/37 48/24/37 52/25/37
f 50/26/38 47/27/38 49/22/38
f 48/24/39 50/28/39 52/25/39
f 50/26/40 48/25/40 47/28/40
f 49/23/41 51/22/41 52/25/41 50/24/41
f 51/25/42 49/22/42 47/27/42
o For_Ref
v -0.660000 0.812245 -0.441907
v -1.620000 0.985578 -0.441907
v -0.660000 0.725578 -0.221907
v -1.620000 0.725578 -0.368573
v -0.660000 0.985578 -0.221907
v -1.620000 0.985578 -0.221907
vn 0.0837 0.9271 -0.3652
vn 0.0559 -0.9290 -0.3660
vn -1.0000 -0.0000 -0.0000
vn -0.0490 -0.2711 -0.9613
vn -0.0733 -0.2707 0.9599
vn 1.0000 -0.0000 -0.0000
vt 0.720067 0.279933
vt 0.279933 0.279933
vt 0.279933 0.720067
vt 0.720067 0.720067
vt 0.426644 0.720067
vt 0.279933 0.426644
vt 0.426644 0.279933
s 0
usemtl Advanced_Glass_With_Imperfections
f 57/29/43 53/30/43 54/31/43 58/32/43
f 56/33/44 53/34/44 55/29/44
f 54/31/45 56/35/45 58/32/45
f 56/33/46 54/32/46 53/35/46
f 55/30/47 57/29/47 58/32/47 56/31/47
f 57/32/48 55/29/48 53/34/48
o For_Ref
v -0.660000 0.915691 -0.620665
v -1.620000 1.089024 -0.620665
v -0.660000 0.829024 -0.400665
v -1.620000 0.829024 -0.547331
v -0.660000 1.089024 -0.400665
v -1.620000 1.089024 -0.400665
vn 0.0837 0.9271 -0.3652
vn 0.0559 -0.9290 -0.3660
vn -1.0000 -0.0000 -0.0000
vn -0.0490 -0.2711 -0.9613
vn -0.0733 -0.2707 0.9599
vn 1.0000 -0.0000 -0.0000
vt 0.720067 0.279933
vt 0.279933 0.279933
vt 0.279933 0.720067
vt 0.720067 0.720067
vt 0.426644 0.720067
vt 0.279933 0.426644
vt 0.426644 0.279933
s 0
usemtl Advanced_Glass_With_Imperfections
f 63/36/49 59/37/49 60/38/49 64/39/49
f 62/40/50 59/41/50 61/36/50
f 60/38/51 62/42/51 64/39/51
f 62/40/52 60/39/52 59/42/52
f 61/37/53 63/36/53 64/39/53 62/38/53
f 63/39/54 61/36/54 59/41/54
o For_Ref
v -0.660000 0.816133 0.200000
v -1.620000 0.989467 0.200000
v -0.660000 0.729467 0.420000
v -1.620000 0.729467 0.273333
v -0.660000 0.989467 0.420000
v -1.620000 0.989467 0.420000
vn 0.0837 0.9271 -0.3652
vn 0.0559 -0.9290 -0.3660
vn -1.0000 -0.0000 -0.0000
vn -0.0490 -0.2711 -0.9613
vn -0.0733 -0.2707 0.9599
vn 1.0000 -0.0000 -0.0000
vt 0.720067 0.279933
vt 0.279933 0.279933
vt 0.279933 0.720067
vt 0.720067 0.720067
vt 0.426644 0.720067
vt 0.279933 0.426644
vt 0.426644 0.279933
s 0
usemtl Advanced_Glass_With_Imperfections
f 69/43/55 65/44/55 66/45/55 70/46/55
f 68/47/56 65/48/56 67/43/56
f 66/45/57 68/49/57 70/46/57
f 68/47/58 66/46/58 65/49/58
f 67/44/59 69/43/59 70/46/59 68/45/59
f 69/46/60 67/43/60 65/48/60
o For_Ref
v -0.660000 0.927458 0.652853
v -1.620000 1.100791 0.652853
v -0.660000 0.840791 0.872853
v -1.620000 0.840791 0.726186
v -0.660000 1.100791 0.872853
v -1.620000 1.100791 0.872853
vn 0.0837 0.9271 -0.3652
vn 0.0559 -0.9290 -0.3660
vn -1.0000 -0.0000 -0.0000
vn -0.0490 -0.2711 -0.9613
vn -0.0733 -0.2707 0.9599
vn 1.0000 -0.0000 -0.0000
vt 0.720067 0.279933
vt 0.279933 0.279933
vt 0.279933 0.720067
vt 0.720067 0.720067
vt 0.426644 0.720067
vt 0.279933 0.426644
vt 0.426644 0.279933
s 0
usemtl Advanced_Glass_With_Imperfections
f 75/50/61 71/51/61 72/52/61 76/53/61
f 74/54/62 71/55/62 73/50/62
f 72/52/63 74/56/63 76/53/63
f 74/54/64 72/53/64 71/56/64
f 73/51/65 75/50/65 76/53/65 74/52/65
f 75/53/66 73/50/66 71/55/66
o For_Ref
v -0.660000 -0.245950 -0.770335
v -1.620000 -0.072616 -0.770335
v -0.660000 -0.332616 -0.550335
v -1.620000 -0.332616 -0.697002
v -0.660000 -0.072616 -0.550335
v -1.620000 -0.072616 -0.550335
vn 0.0837 0.9271 -0.3652
vn 0.0559 -0.9290 -0.3660
vn -1.0000 -0.0000 -0.0000
vn -0.0490 -0.2711 -0.9613
vn -0.0733 -0.2707 0.9599
vn 1.0000 -0.0000 -0.0000
vt 0.720067 0.279933
vt 0.279933 0.279933
vt 0.279933 0.720067
vt 0.720067 0.720067
vt 0.426644 0.720067
vt 0.279933 0.426644
vt 0.426644 0.279933
s 0
usemtl Advanced_Glass_With_Imperfections
f 81/57/67 77/58/67 78/59/67 82/60/67
f 80/61/68 77/62/68 79/57/68
f 78/59/69 80/63/69 82/60/69
f 80/61/70 78/60/70 77/63/70
f 79/58/71 81/57/71 82/60/71 80/59/71
f 81/60/72 79/57/72 77/62/72
o For_Ref
v -0.660000 -1.006752 -0.951491
v -1.620000 -0.833419 -0.951491
v -0.660000 -1.093419 -0.731490
v -1.620000 -1.093419 -0.878157
v -0.660000 -0.833419 -0.731490
v -1.620000 -0.833419 -0.731490
vn 0.0837 0.9271 -0.3652
vn 0.0559 -0.9290 -0.3660
vn -1.0000 -0.0000 -0.0000
vn -0.0490 -0.2711 -0.9613
vn -0.0733 -0.2707 0.9599
vn 1.0000 -0.0000 -0.0000
vt 0.720067 0.279933
vt 0.279933 0.279933
vt 0.279933 0.720067
vt 0.720067 0.720067
vt 0.426644 0.720067
vt 0.279933 0.426644
vt 0.426644 0.279933
s 0
usemtl Advanced_Glass_With_Imperfections
f 87/64/73 83/65/73 84/66/73 88/67/73
f 86/68/74 83/69/74 85/64/74
f 84/66/75 86/70/75 88/67/75
f 86/68/76 84/67/76 83/70/76
f 85/65/77 87/64/77 88/67/77 86/66/77
f 87/67/78 85/64/78 83/69/78
o For_Ref
v -0.660000 0.228536 -0.693912
v -1.620000 0.401869 -0.693912
v -0.660000 0.141869 -0.473912
v -1.620000 0.141869 -0.620578
v -0.660000 0.401869 -0.473912
v -1.620000 0.401869 -0.473912
vn 0.0837 0.9271 -0.3652
vn 0.0559 -0.9290 -0.3660
vn -1.0000 -0.0000 -0.0000
vn -0.0490 -0.2711 -0.9613
vn -0.0733 -0.2707 0.9599
vn 1.0000 -0.0000 -0.0000
vt 0.720067 0.279933
vt 0.279933 0.279933
vt 0.279933 0.720067
vt 0.720067 0.720067
vt 0.426644 0.720067
vt 0.279933 0.426644
vt 0.426644 0.279933
s 0
usemtl Advanced_Glass_With_Imperfections
f 93/71/79 89/72/79 90/73/79 94/74/79
f 92/75/80 89/76/80 91/71/80
f 90/73/81 92/77/81 94/74/81
f 92/75/82 90/74/82 89/77/82
f 91/72/83 93/71/83 94/74/83 92/73/83
f 93/74/84 91/71/84 89/76/84
o For_Ref
v -0.660000 -0.559425 -0.888570
v -1.620000 -0.386092 -0.888570
v -0.660000 -0.646092 -0.668570
v -1.620000 -0.646092 -0.815237
v -0.660000 -0.386092 -0.668570
v -1.620000 -0.386092 -0.668570
vn 0.0837 0.9271 -0.3652
vn 0.0559 -0.9290 -0.3660
vn -1.0000 -0.0000 -0.0000
vn -0.0490 -0.2711 -0.9613
vn -0.0733 -0.2707 0.9599
vn 1.0000 -0.0000 -0.0000
vt 0.720067 0.279933
vt 0.279933 0.279933
vt 0.279933 0.720067
vt 0.720067 0.720067
vt 0.426644 0.720067
vt 0.279933 0.426644
vt 0.426644 0.279933
s 0
usemtl Advanced_Glass_With_Imperfections
f 99/78/85 95/79/85 96/80/85 100/81/85
f 98/82/86 95/83/86 97/78/86
f 96/80/87 98/84/87 100/81/87
f 98/82/88 96/81/88 95/84/88
f 97/79/89 99/78/89 100/81/89 98/80/89
f 99/81/90 97/78/90 95/83/90
o For_Ref
v -0.660000 0.581480 -0.753942
v -1.620000 0.754813 -0.753942
v -0.660000 0.494813 -0.533942
v -1.620000 0.494813 -0.680608
v -0.660000 0.754813 -0.533942
v -1.620000 0.754813 -0.533942
vn 0.0837 0.9271 -0.3652
vn 0.0559 -0.9290 -0.3660
vn -1.0000 -0.0000 -0.0000
vn -0.0490 -0.2711 -0.9613
vn -0.0733 -0.2707 0.9599
vn 1.0000 -0.0000 -0.0000
vt 0.720067 0.279933
vt 0.279933 0.279933
vt 0.279933 0.720067
vt 0.720067 0.720067
vt 0.426644 0.720067
vt 0.279933 0.426644
vt 0.426644 0.279933
s 0
usemtl Advanced_Glass_With_Imperfections
f 105/85/91 101/86/91 102/87/91 106/88/91
f 104/89/92 101/90/92 103/85/92
f 102/87/93 104/91/93 106/88/93
f 104/89/94 102/88/94 101/91/94
f 103/86/95 105/85/95 106/88/95 104/87/95
f 105/88/96 103/85/96 101/90/96
o For_Ref
v -0.660000 -0.777340 0.583105
v -1.620000 -0.604007 0.583105
v -0.660000 -0.864007 0.803105
v -1.620000 -0.864007 0.656438
v -0.660000 -0.604007 0.803105
v -1.620000 -0.604007 0.803105
vn 0.0837 0.9271 -0.3652
vn 0.0559 -0.9290 -0.3660
vn -1.0000 -0.0000 -0.0000
vn -0.0490 -0.2711 -0.9613
vn -0.0733 -0.2707 0.9599
vn 1.0000 -0.0000 -0.0000
vt 0.720067 0.279933
vt 0.279933 0.279933
vt 0.279933 0.720067
vt 0.720067 0.720067
vt 0.426644 0.720067
vt 0.279933 0.426644
vt 0.426644 0.279933
s 0
usemtl Advanced_Glass_With_Imperfections
f 111/92/97 107/93/97 108/94/97 112/95/97
f 110/96/98 107/97/98 109/92/98
f 108/94/99 110/98/99 112/95/99
f 110/96/100 108/95/100 107/98/100
f 109/93/101 111/92/101 112/95/101 110/94/101
f 111/95/102 109/92/102 107/97/102
o For_Ref
v -0.041694 -0.066500 -0.660000
v -0.041694 0.106834 -1.620000
v -0.261694 -0.153166 -0.660000
v -0.115027 -0.153166 -1.620000
v -0.261694 0.106834 -0.660000
v -0.261694 0.106834 -1.620000
vn 0.3652 0.9271 0.0837
vn 0.3660 -0.9290 0.0559
vn -0.0000 -0.0000 -1.0000
vn 0.9613 -0.2711 -0.0490
vn -0.9599 -0.2707 -0.0733
vn -0.0000 -0.0000 1.0000
vt 0.720067 0.279933
vt 0.279933 0.279933
vt 0.279933 0.720067
vt 0.720067 0.720067
vt 0.426644 0.720067
vt 0.279933 0.426644
vt 0.426644 0.279933
s 0
usemtl Advanced_Glass_With_Imperfections
f 117/99/103 113/100/103 114/101/103 118/102/103
f 116/103/104 113/104/104 115/99/104
f 114/101/105 116/105/105 118/102/105
f 116/103/106 114/102/106 113/105/106
f 115/100/107 117/99/107 118/102/107 116/101/107
f 117/102/108 115/99/108 113/104/108
o For_Ref
v -0.453553 0.435914 -0.660000
v -0.453553 0.609248 -1.620000
v -0.673553 0.349248 -0.660000
v -0.526887 0.349248 -1.620000
v -0.673553 0.609248 -0.660000
v -0.673553 0.609248 -1.620000
vn 0.3652 0.9271 0.0837
vn 0.3660 -0.9290 0.0559
vn -0.0000 -0.0000 -1.0000
vn 0.9613 -0.2711 -0.0490
vn -0.9599 -0.2707 -0.0733
vn -0.0000 -0.0000 1.0000
vt 0.720067 0.279933
vt 0.279933 0.279933
vt 0.279933 0.720067
vt 0.720067 0.720067
vt 0.426644 0.720067
vt 0.279933 0.426644
vt 0.426644 0.279933
s 0
usemtl Advanced_Glass_With_Imperfections
f 123/106/109 119/107/109 120/108/109 124/109/109
f 122/110/110 119/111/110 121/106/110
f 120/108/111 122/112/111 124/109/111
f 122/110/112 120/109/112 119/112/112
f 121/107/113 123/106/113 124/109/113 122/108/113
f 123/109/114 121/106/114 119/111/114
o For_Ref
v 0.210957 0.843385 -0.660000
v 0.210957 1.016718 -1.620000
v -0.009043 0.756718 -0.660000
v 0.137624 0.756718 -1.620000
v -0.009043 1.016718 -0.660000
v -0.009043 1.016718 -1.620000
vn 0.3652 0.9271 0.0837
vn 0.3660 -0.9290 0.0559
vn -0.0000 -0.0000 -1.0000
vn 0.9613 -0.2711 -0.0490
vn -0.9599 -0.2707 -0.0733
vn -0.0000 -0.0000 1.0000
vt 0.720067 0.279933
vt 0.279933 0.279933
vt 0.279933 0.720067
vt 0.720067 0.720067
vt 0.426644 0.720067
vt 0.279933 0.426644
vt 0.426644 0.279933
s 0
usemtl Advanced_Glass_With_Imperfections
f 129/113/115 125/114/115 126/115/115 130/116/115
f 128/117/116 125/118/116 127/113/116
f 126/115/117 128/119/117 130/116/117
f 128/117/118 126/116/118 125/119/118
f 127/114/119 129/113/119 130/116/119 128/115/119
f 129/116/120 127/113/120 125/118/120
o For_Ref
v -0.363632 0.921616 -0.660000
v -0.363632 1.094949 -1.620000
v -0.583632 0.834950 -0.660000
v -0.436966 0.834949 -1.620000
v -0.583632 1.094950 -0.660000
v -0.583632 1.094949 -1.620000
vn 0.3652 0.9271 0.0837
vn 0.3660 -0.9290 0.0559
vn -0.0000 -0.0000 -1.0000
vn 0.9613 -0.2711 -0.0490
vn -0.9599 -0.2707 -0.0733
vn -0.0000 -0.0000 1.0000
vt 0.720067 0.279933
vt 0.279933 0.279933
vt 0.279933 0.720067
vt 0.720067 0.720067
vt 0.426644 0.720067
vt 0.279933 0.426644
vt 0.426644 0.279933
s 0
usemtl Advanced_Glass_With_Imperfections
f 135/120/121 131/121/121 132/122/121 136/123/121
f 134/124/122 131/125/122 133/120/122
f 132/122/123 134/126/123 136/123/123
f 134/124/124 132/123/124 131/126/124
f 133/121/125 135/120/125 136/123/125 134/122/125
f 135/123/126 133/120/126 131/125/126
o For_Ref
v -0.617343 -0.126898 -0.660000
v -0.617343 0.046435 -1.620000
v -0.837343 -0.213565 -0.660000
v -0.690676 -0.213565 -1.620000
v -0.837343 0.046435 -0.660000
v -0.837343 0.046435 -1.620000
vn 0.3652 0.9271 0.0837
vn 0.3660 -0.9290 0.0559
vn -0.0000 -0.0000 -1.0000
vn 0.9613 -0.2711 -0.0490
vn -0.9599 -0.2707 -0.0733
vn -0.0000 -0.0000 1.0000
vt 0.720067 0.279933
vt 0.279933 0.279933
vt 0.279933 0.720067
vt 0.720067 0.720067
vt 0.426644 0.720067
vt 0.279933 0.426644
vt 0.426644 0.279933
s 0
usemtl Advanced_Glass_With_Imperfections
f 141/127/127 137/128/127 138/129/127 142/130/127
f 140/131/128 137/132/128 139/127/128
f 138/129/129 140/133/129 142/130/129
f 140/131/130 138/130/130 137/133/130
f 139/128/131 141/127/131 142/130/131 140/129/131
f 141/130/132 139/127/132 137/132/132
o For_Ref
v 0.961011 -0.989862 -0.660000
v 0.961011 -0.816529 -1.620000
v 0.741011 -1.076529 -0.660000
v 0.887678 -1.076529 -1.620000
v 0.741011 -0.816528 -0.660000
v 0.741011 -0.816529 -1.620000
vn 0.3652 0.9271 0.0837
vn 0.3660 -0.9290 0.0559
vn -0.0000 -0.0000 -1.0000
vn 0.9613 -0.2711 -0.0490
vn -0.9599 -0.2707 -0.0733
vn -0.0000 -0.0000 1.0000
vt 0.720067 0.279933
vt 0.279933 0.279933
vt 0.279933 0.720067
vt 0.720067 0.720067
vt 0.426644 0.720067
vt 0.279933 0.426644
vt 0.426644 0.279933
s 0
usemtl Advanced_Glass_With_Imperfections
f 147/134/133 143/135/133 144/136/133 148/137/133
f 146/138/134 143/139/134 145/134/134
f 144/136/135 146/140/135 148/137/135
f 146/138/136 144/137/136 143/140/136
f 145/135/137 147/134/137 148/137/137 146/136/137
f 147/137/138 145/134/138 143/139/138
o For_Ref
v -0.077685 -0.925333 -0.660000
v -0.077685 -0.752000 -1.620000
v -0.297685 -1.011999 -0.660000
v -0.151018 -1.012000 -1.620000
v -0.297685 -0.751999 -0.660000
v -0.297685 -0.751999 -1.620000
vn 0.3652 0.9271 0.0837
vn 0.3660 -0.9290 0.0559
vn -0.0000 -0.0000 -1.0000
vn 0.9613 -0.2711 -0.0490
vn -0.9599 -0.2707 -0.0733
vn -0.0000 -0.0000 1.0000
vt 0.720067 0.279933
vt 0.279933 0.279933
vt 0.279933 0.720067
vt 0.720067 0.720067
vt 0.426644 0.720067
vt 0.279933 0.426644
vt 0.426644 0.279933
s 0
usemtl Advanced_Glass_With_Imperfections
f 153/141/139 149/142/139 150/143/139 154/144/139
f 152/145/140 149/146/140 151/141/140
f 150/143/141 152/147/141 154/144/141
f 152/145/142 150/144/142 149/147/142
f 151/142/143 153/141/143 154/144/143 152/143/143
f 153/144/144 151/141/144 149/146/144
o For_Ref
v 0.826341 -0.244964 -0.660000
v 0.826341 -0.071630 -1.620000
v 0.606341 -0.331630 -0.660000
v 0.753008 -0.331630 -1.620000
v 0.606341 -0.071630 -0.660000
v 0.606341 -0.071630 -1.620000
vn 0.3652 0.9271 0.0837
vn 0.3660 -0.9290 0.0559
vn -0.0000 -0.0000 -1.0000
vn 0.9613 -0.2711 -0.0490
vn -0.9599 -0.2707 -0.0733
vn -0.0000 -0.0000 1.0000
vt 0.720067 0.279933
vt 0.279933 0.279933
vt 0.279933 0.720067
vt 0.720067 0.720067
vt 0.426644 0.720067
vt 0.279933 0.426644
vt 0.426644 0.279933
s 0
usemtl Advanced_Glass_With_Imperfections
f 159/148/145 155/149/145 156/150/145 160/151/145
f 158/152/146 155/153/146 157/148/146
f 156/150/147 158/154/147 160/151/147
f 158/152/148 156/151/148 155/154/148
f 157/149/149 159/148/149 160/151/149 158/150/149
f 159/151/150 157/148/150 155/153/150
o For_Ref
v 0.705264 0.338539 -0.660000
v 0.705264 0.511873 -1.620000
v 0.485264 0.251873 -0.660000
v 0.631931 0.251873 -1.620000
v 0.485264 0.511873 -0.660000
v 0.485264 0.511873 -1.620000
vn 0.3652 0.9271 0.0837
vn 0.3660 -0.9290 0.0559
vn -0.0000 -0.0000 -1.0000
vn 0.9613 -0.2711 -0.0490
vn -0.9599 -0.2707 -0.0733
vn -0.0000 -0.0000 1.0000
vt 0.720067 0.279933
vt 0.279933 0.279933
vt 0.279933 0.720067
vt 0.720067 0.720067
vt 0.426644 0.720067
vt 0.279933 0.426644
vt 0.426644 0.279933
s 0
usemtl Advanced_Glass_With_Imperfections
f 165/155/151 161/156/151 162/157/151 166/158/151
f 164/159/152 161/160/152 163/155/152
f 162/157/153 164/161/153 166/158/153
f 164/159/154 162/158/154 161/161/154
f 163/156/155 165/155/155 166/158/155 164/157/155
f 165/158/156 163/155/156 161/160/156
o For_Ref
v -0.033547 -0.490240 -0.660000
v -0.033547 -0.316906 -1.620000
v -0.253547 -0.576906 -0.660000
v -0.106880 -0.576906 -1.620000
v -0.253547 -0.316906 -0.660000
v -0.253547 -0.316906 -1.620000
vn 0.3652 0.9271 0.0837
vn 0.3660 -0.9290 0.0559
vn -0.0000 -0.0000 -1.0000
vn 0.9613 -0.2711 -0.0490
vn -0.9599 -0.2707 -0.0733
vn -0.0000 -0.0000 1.0000
vt 0.720067 0.279933
vt 0.279933 0.279933
vt 0.279933 0.720067
vt 0.720067 0.720067
vt 0.426644 0.720067
vt 0.279933 0.426644
vt 0.426644 0.279933
s 0
usemtl Advanced_Glass_With_Imperfections
f 171/162/157 167/163/157 168/164/157 172/165/157
f 170/166/158 167/167/158 169/162/158
f 168/164/159 170/168/159 172/165/159
f 170/166/160 168/165/160 167/168/160
f 169/163/161 171/162/161 172/165/161 170/164/161
f 171/165/162 169/162/162 167/167/162
o For_Ref
v 0.606591 -0.697228 -0.660000
v 0.606591 -0.523895 -1.620000
v 0.386591 -0.783895 -0.660000
v 0.533257 -0.783895 -1.620000
v 0.386591 -0.523895 -0.660000
v 0.386591 -0.523895 -1.620000
vn 0.3652 0.9271 0.0837
vn 0.3660 -0.9290 0.0559
vn -0.0000 -0.0000 -1.0000
vn 0.9613 -0.2711 -0.0490
vn -0.9599 -0.2707 -0.0733
vn -0.0000 -0.0000 1.0000
vt 0.720067 0.279933
vt 0.279933 0.279933
vt 0.279933 0.720067
vt 0.720067 0.720067
vt 0.426644 0.720067
vt 0.279933 0.426644
vt 0.426644 0.279933
s 0
usemtl Advanced_Glass_With_Imperfections
f 177/169/163 173/170/163 174/171/163 178/172/163
f 176/173/164 173/174/164 175/169/164
f 174/171/165 176/175/165 178/172/165
f 176/173/166 174/172/166 173/175/166
f 175/170/167 177/169/167 178/172/167 176/171/167
f 177/172/168 175/169/168 173/174/168
o For_Ref
v 0.660000 0.593532 -0.656296
v 1.620000 0.766865 -0.656296
v 0.660000 0.506865 -0.876296
v 1.620000 0.506865 -0.729629
v 0.660000 0.766865 -0.876296
v 1.620000 0.766865 -0.876296
vn -0.0837 0.9271 0.3652
vn -0.0559 -0.9290 0.3660
vn 1.0000 -0.0000 -0.0000
vn 0.0490 -0.2711 0.9613
vn 0.0733 -0.2707 -0.9599
vn -1.0000 -0.0000 -0.0000
vt 0.720067 0.279933
vt 0.279933 0.279933
vt 0.279933 0.720067
vt 0.720067 0.720067
vt 0.426644 0.720067
vt 0.279933 0.426644
vt 0.426644 0.279933
s 0
usemtl Advanced_Glass_With_Imperfections
f 183/176/169 179/177/169 180/178/169 184/179/169
f 182/180/170 179/181/170 181/176/170
f 180/178/171 182/182/171 184/179/171
f 182/180/172 180/179/172 179/182/172
f 181/177/173 183/176/173 184/179/173 182/178/173
f 183/179/174 181/176/174 179/181/174
o For_Ref
v 0.660000 0.568433 0.465599
v 1.620000 0.741766 0.465599
v 0.660000 0.481766 0.245599
v 1.620000 0.481766 0.392266
v 0.660000 0.741766 0.245599
v 1.620000 0.741766 0.245599
vn -0.0837 0.9271 0.3652
vn -0.0559 -0.9290 0.3660
vn 1.0000 -0.0000 -0.0000
vn 0.0490 -0.2711 0.9613
vn 0.0733 -0.2707 -0.9599
vn -1.0000 -0.0000 -0.0000
vt 0.720067 0.279933
vt 0.279933 0.279933
vt 0.279933 0.720067
vt 0.720067 0.720067
vt 0.426644 0.720067
vt 0.279933 0.426644
vt 0.426644 0.279933
s 0
usemtl Advanced_Glass_With_Imperfections
f 189/183/175 185/184/175 186/185/175 190/186/175
f 188/187/176 185/188/176 187/183/176
f 186/185/177 188/189/177 190/186/177
f 188/187/178 186/186/178 185/189/178
f 187/184/179 189/183/179 190/186/179 188/185/179
f 189/186/180 187/183/180 185/188/180
o For_Ref
v 0.660000 0.160902 -0.502463
v 1.620000 0.334236 -0.502463
v 0.660000 0.074236 -0.722463
v 1.620000 0.074236 -0.575796
v 0.660000 0.334236 -0.722463
v 1.620000 0.334236 -0.722463
vn -0.0837 0.9271 0.3652
vn -0.0559 -0.9290 0.3660
vn 1.0000 -0.0000 -0.0000
vn 0.0490 -0.2711 0.9613
vn 0.0733 -0.2707 -0.9599
vn -1.0000 -0.0000 -0.0000
vt 0.720067 0.279933
vt 0.279933 0.279933
vt 0.279933 0.720067
vt 0.720067 0.720067
vt 0.426644 0.720067
vt 0.279933 0.426644
vt 0.426644 0.279933
s 0
usemtl Advanced_Glass_With_Imperfections
f 195/190/181 191/191/181 192/192/181 196/193/181
f 194/194/182 191/195/182 193/190/182
f 192/192/183 194/196/183 196/193/183
f 194/194/184 192/193/184 191/196/184
f 193/191/185 195/190/185 196/193/185 194/192/185
f 195/193/186 193/190/186 191/195/186
o For_Ref
v 0.660000 0.456037 0.242005
v 1.620000 0.629370 0.242005
v 0.660000 0.369370 0.022005
v 1.620000 0.369370 0.168672
v 0.660000 0.629370 0.022005
v 1.620000 0.629370 0.022005
vn -0.0837 0.9271 0.3652
vn -0.0559 -0.9290 0.3660
vn 1.0000 -0.0000 -0.0000
vn 0.0490 -0.2711 0.9613
vn 0.0733 -0.2707 -0.9599
vn -1.0000 -0.0000 -0.0000
vt 0.720067 0.279933
vt 0.279933 0.279933
vt 0.279933 0.720067
vt 0.720067 0.720067
vt 0.426644 0.720067
vt 0.279933 0.426644
vt 0.426644 0.279933
s 0
usemtl Advanced_Glass_With_Imperfections
f 201/197/187 197/198/187 198/199/187 202/200/187
f 200/201/188 197/202/188 199/197/188
f 198/199/189 200/203/189 202/200/189
f 200/201/190 198/200/190 197/203/190
f 199/198/191 201/197/191 202/200/191 200/199/191
f 201/200/192 199/197/192 197/202/192
o For_Ref
v 0.660000 0.832410 0.807020
v 1.620000 1.005743 0.807020
v 0.660000 0.745743 0.587020
v 1.620000 0.745743 0.733687
v 0.660000 1.005743 0.587020
v 1.620000 1.005743 0.587020
vn -0.0837 0.9271 0.3652
vn -0.0559 -0.9290 0.3660
vn 1.0000 -0.0000 -0.0000
vn 0.0490 -0.2711 0.9613
vn 0.0733 -0.2707 -0.9599
vn -1.0000 -0.0000 -0.0000
vt 0.720067 0.279933
vt 0.279933 0.279933
vt 0.279933 0.720067
vt 0.720067 0.720067
vt 0.426644 0.720067
vt 0.279933 0.426644
vt 0.426644 0.279933
s 0
usemtl Advanced_Glass_With_Imperfections
f 207/204/193 203/205/193 204/206/193 208/207/193
f 206/208/194 203/209/194 205/204/194
f 204/206/195 206/210/195 208/207/195
f 206/208/196 204/207/196 203/210/196
f 205/205/197 207/204/197 208/207/197 206/206/197
f 207/207/198 205/204/198 203/209/198
o For_Ref
v 0.660000 0.585621 0.420193
v 1.620000 0.758954 0.420193
v 0.660000 0.498954 0.200193
v 1.620000 0.498954 0.346859
v 0.660000 0.758954 0.200193
v 1.620000 0.758954 0.200193
vn -0.0837 0.9271 0.3652
vn -0.0559 -0.9290 0.3660
vn 1.0000 -0.0000 -0.0000
vn 0.0490 -0.2711 0.9613
vn 0.0733 -0.2707 -0.9599
vn -1.0000 -0.0000 -0.0000
vt 0.720067 0.279933
vt 0.279933 0.279933
vt 0.279933 0.720067
vt 0.720067 0.720067
vt 0.426644 0.720067
vt 0.279933 0.426644
vt 0.426644 0.279933
s 0
usemtl Advanced_Glass_With_Imperfections
f 213/211/199 209/212/199 210/213/199 214/214/199
f 212/215/200 209/216/200 211/211/200
f 210/213/201 212/217/201 214/214/201
f 212/215/202 210/214/202 209/217/202
f 211/212/203 213/211/203 214/214/203 212/213/203
f 213/214/204 211/211/204 209/216/204
o For_Ref
v 0.660000 -0.986077 0.638336
v 1.620000 -0.812744 0.638336
v 0.660000 -1.072744 0.418336
v 1.620000 -1.072744 0.565003
v 0.660000 -0.812744 0.418336
v 1.620000 -0.812744 0.418336
vn -0.0837 0.9271 0.3652
vn -0.0559 -0.9290 0.3660
vn 1.0000 -0.0000 -0.0000
vn 0.0490 -0.2711 0.9613
vn 0.0733 -0.2707 -0.9599
vn -1.0000 -0.0000 -0.0000
vt 0.720067 0.279933
vt 0.279933 0.279933
vt 0.279933 0.720067
vt 0.720067 0.720067
vt 0.426644 0.720067
vt 0.279933 0.426644
vt 0.426644 0.279933
s 0
usemtl Advanced_Glass_With_Imperfections
f 219/218/205 215/219/205 216/220/205 220/221/205
f 218/222/206 215/223/206 217/218/206
f 216/220/207 218/224/207 220/221/207
f 218/222/208 216/221/208 215/224/208
f 217/219/209 219/218/209 220/221/209 218/220/209
f 219/221/210 217/218/210 215/223/210
o For_Ref
v 0.660000 0.258182 0.571715
v 1.620000 0.431516 0.571715
v 0.660000 0.171516 0.351715
v 1.620000 0.171516 0.498382
v 0.660000 0.431516 0.351715
v 1.620000 0.431516 0.351715
vn -0.0837 0.9271 0.3652
vn -0.0559 -0.9290 0.3660
vn 1.0000 -0.0000 -0.0000
vn 0.0490 -0.2711 0.9613
vn 0.0733 -0.2707 -0.9599
vn -1.0000 -0.0000 -0.0000
vt 0.720067 0.279933
vt 0.279933 0.279933
vt 0.279933 0.720067
vt 0.720067 0.720067
vt 0.426644 0.720067
vt 0.279933 0.426644
vt 0.426644 0.279933
s 0
usemtl Advanced_Glass_With_Imperfections
f 225/225/211 221/226/211 222/227/211 226/228/211
f 224/229/212 221/230/212 223/225/212
f 222/227/213 224/231/213 226/228/213
f 224/229/214 222/228/214 221/231/214
f 223/226/215 225/225/215 226/228/215 224/227/215
f 225/228/216 223/225/216 221/230/216
o For_Ref
v 0.660000 -0.973383 0.531969
v 1.620000 -0.800050 0.531969
v 0.660000 -1.060050 0.311969
v 1.620000 -1.060050 0.458636
v 0.660000 -0.800050 0.311969
v 1.620000 -0.800050 0.311969
vn -0.0837 0.9271 0.3652
vn -0.0559 -0.9290 0.3660
vn 1.0000 -0.0000 -0.0000
vn 0.0490 -0.2711 0.9613
vn 0.0733 -0.2707 -0.9599
vn -1.0000 -0.0000 -0.0000
vt 0.720067 0.279933
vt 0.279933 0.279933
vt 0.279933 0.720067
vt 0.720067 0.720067
vt 0.426644 0.720067
vt 0.279933 0.426644
vt 0.426644 0.279933
s 0
usemtl Advanced_Glass_With_Imperfections
f 231/232/217 227/233/217 228/234/217 232/235/217
f 230/236/218 227/237/218 229/232/218
f 228/234/219 230/238/219 232/235/219
f 230/236/220 228/235/220 227/238/220
f 229/233/221 231/232/221 232/235/221 230/234/221
f 231/235/222 229/232/222 227/237/222
o For_Ref
v 0.660000 -0.065891 0.936762
v 1.620000 0.107443 0.936762
v 0.660000 -0.152557 0.716762
v 1.620000 -0.152557 0.863429
v 0.660000 0.107443 0.716762
v 1.620000 0.107443 0.716762
vn -0.0837 0.9271 0.3652
vn -0.0559 -0.9290 0.3660
vn 1.0000 -0.0000 -0.0000
vn 0.0490 -0.2711 0.9613
vn 0.0733 -0.2707 -0.9599
vn -1.0000 -0.0000 -0.0000
vt 0.720067 0.279933
vt 0.279933 0.279933
vt 0.279933 0.720067
vt 0.720067 0.720067
vt 0.426644 0.720067
vt 0.279933 0.426644
vt 0.426644 0.279933
s 0
usemtl Advanced_Glass_With_Imperfections
f 237/239/223 233/240/223 234/241/223 238/242/223
f 236/243/224 233/244/224 235/239/224
f 234/241/225 236/245/225 238/242/225
f 236/243/226 234/242/226 233/245/226
f 235/240/227 237/239/227 238/242/227 236/241/227
f 237/242/228 235/239/228 233/244/228
o For_Ref
v 0.660000 -0.597339 -0.139962
v 1.620000 -0.424006 -0.139962
v 0.660000 -0.684006 -0.359962
v 1.620000 -0.684006 -0.213295
v 0.660000 -0.424006 -0.359962
v 1.620000 -0.424006 -0.359962
vn -0.0837 0.9271 0.3652
vn -0.0559 -0.9290 0.3660
vn 1.0000 -0.0000 -0.0000
vn 0.0490 -0.2711 0.9613
vn 0.0733 -0.2707 -0.9599
vn -1.0000 -0.0000 -0.0000
vt 0.720067 0.279933
vt 0.279933 0.279933
vt 0.279933 0.720067
vt 0.720067 0.720067
vt 0.426644 0.720067
vt 0.279933 0.426644
vt 0.426644 0.279933
s 0
usemtl Advanced_Glass_With_Imperfections
f 243/246/229 239/247/229 240/248/229 244/249/229
f 242/250/230 239/251/230 241/246/230
f 240/248/231 242/252/231 244/249/231
f 242/250/232 240/249/232 239/252/232
f 241/247/233 243/246/233 244/249/233 242/248/233
f 243/249/234 241/246/234 239/251/234
o For_Ref
v 0.660000 -0.292826 0.915747
v 1.620000 -0.119492 0.915747
v 0.660000 -0.379492 0.695747
v 1.620000 -0.379492 0.842414
v 0.660000 -0.119492 0.695747
v 1.620000 -0.119492 0.695747
vn -0.0837 0.9271 0.3652
vn -0.0559 -0.9290 0.3660
vn 1.0000 -0.0000 -0.0000
vn 0.0490 -0.2711 0.9613
vn 0.0733 -0.2707 -0.9599
vn -1.0000 -0.0000 -0.0000
vt 0.720067 0.279933
vt 0.279933 0.279933
vt 0.279933 0.720067
vt 0.720067 0.720067
vt 0.426644 0.720067
vt 0.279933 0.426644
vt 0.426644 0.279933
s 0
usemtl Advanced_Glass_With_Imperfections
f 249/253/235 245/254/235 246/255/235 250/256/235
f 248/257/236 245/258/236 247/253/236
f 246/255/237 248/259/237 250/256/237
f 248/257/238 246/256/238 245/259/238
f 247/254/239 249/253/239 250/256/239 248/255/239
f 249/256/240 247/253/240 245/258/240
o For_Ref
v 0.739219 0.564526 0.660000
v 0.739219 0.737859 1.620000
v 0.959219 0.477859 0.660000
v 0.812552 0.477859 1.620000
v 0.959219 0.737859 0.660000
v 0.959219 0.737859 1.620000
vn -0.3652 0.9271 -0.0837
vn -0.3660 -0.9290 -0.0559
vn -0.0000 -0.0000 1.0000
vn -0.9613 -0.2711 0.0490
vn 0.9599 -0.2707 0.0733
vn -0.0000 -0.0000 -1.0000
vt 0.720067 0.279933
vt 0.279933 0.279933
vt 0.279933 0.720067
vt 0.720067 0.720067
vt 0.426644 0.720067
vt 0.279933 0.426644
vt 0.426644 0.279933
s 0
usemtl Advanced_Glass_With_Imperfections
f 255/260/241 251/261/241 252/262/241 256/263/241
f 254/264/242 251/265/242 253/260/242
f 252/262/243 254/266/243 256/263/243
f 254/264/244 252/263/244 251/266/244
f 253/261/245 255/260/245 256/263/245 254/262/245
f 255/263/246 253/260/246 251/265/246
o For_Ref
v 0.157276 -0.183289 0.660000
v 0.157276 -0.009956 1.620000
v 0.377276 -0.269956 0.660000
v 0.230609 -0.269956 1.620000
v 0.377276 -0.009956 0.660000
v 0.377276 -0.009956 1.620000
vn -0.3652 0.9271 -0.0837
vn -0.3660 -0.9290 -0.0559
vn -0.0000 -0.0000 1.0000
vn -0.9613 -0.2711 0.0490
vn 0.9599 -0.2707 0.0733
vn -0.0000 -0.0000 -1.0000
vt 0.720067 0.279933
vt 0.279933 0.279933
vt 0.279933 0.720067
vt 0.720067 0.720067
vt 0.426644 0.720067
vt 0.279933 0.426644
vt 0.426644 0.279933
s 0
usemtl Advanced_Glass_With_Imperfections
f 261/267/247 257/268/247 258/269/247 262/270/247
f 260/271/248 257/272/248 259/267/248
f 258/269/249 260/273/249 262/270/249
f 260/271/250 258/270/250 257/273/250
f 259/268/251 261/267/251 262/270/251 260/269/251
f 261/270/252 259/267/252 257/272/252
o For_Ref
v -0.137935 0.166528 0.660000
v -0.137935 0.339861 1.620000
v 0.082065 0.079861 0.660000
v -0.064601 0.079861 1.620000
v 0.082065 0.339861 0.660000
v 0.082065 0.339861 1.620000
vn -0.3652 0.9271 -0.0837
vn -0.3660 -0.9290 -0.0559
vn -0.0000 -0.0000 1.0000
vn -0.9613 -0.2711 0.0490
vn 0.9599 -0.2707 0.0733
vn -0.0000 -0.0000 -1.0000
vt 0.720067 0.279933
vt 0.279933 0.279933
vt 0.279933 0.720067
vt 0.720067 0.720067
vt 0.426644 0.720067
vt 0.279933 0.426644
vt 0.426644 0.279933
s 0
usemtl Advanced_Glass_With_Imperfections
f 267/274/253 263/275/253 264/276/253 268/277/253
f 266/278/254 263/279/254 265/274/254
f 264/276/255 266/280/255 268/277/255
f 266/278/256 264/277/256 263/280/256
f 265/275/257 267/274/257 268/277/257 266/276/257
f 267/277/258 265/274/258 263/279/258
o For_Ref
v -0.072662 0.037209 0.660000
v -0.072662 0.210543 1.620000
v 0.147338 -0.049457 0.660000
v 0.000671 -0.049457 1.620000
v 0.147338 0.210543 0.660000
v 0.147338 0.210543 1.620000
vn -0.3652 0.9271 -0.0837
vn -0.3660 -0.9290 -0.0559
vn -0.0000 -0.0000 1.0000
vn -0.9613 -0.2711 0.0490
vn 0.9599 -0.2707 0.0733
vn -0.0000 -0.0000 -1.0000
vt 0.720067 0.279933
vt 0.279933 0.279933
vt 0.279933 0.720067
vt 0.720067 0.720067
vt 0.426644 0.720067
vt 0.279933 0.426644
vt 0.426644 0.279933
s 0
usemtl Advanced_Glass_With_Imperfections
f 273/281/259 269/282/259 270/283/259 274/284/259
f 272/285/260 269/286/260 271/281/260
f 270/283/261 272/287/261 274/284/261
f 272/285/262 270/284/262 269/287/262
f 271/282/263 273/281/263 274/284/263 272/283/263
f 273/284/264 271/281/264 269/286/264
o For_Ref
v 0.452432 -0.113841 0.660000
v 0.452432 0.059492 1.620000
v 0.672432 -0.200508 0.660000
v 0.525765 -0.200508 1.620000
v 0.672432 0.059492 0.660000
v 0.672432 0.059492 1.620000
vn -0.3652 0.9271 -0.0837
vn -0.3660 -0.9290 -0.0559
vn -0.0000 -0.0000 1.0000
vn -0.9613 -0.2711 0.0490
vn 0.9599 -0.2707 0.0733
vn -0.0000 -0.0000 -1.0000
vt 0.720067 0.279933
vt 0.279933 0.279933
vt 0.279933 0.720067
vt 0.720067 0.720067
vt 0.426644 0.720067
vt 0.279933 0.426644
vt 0.426644 0.279933
s 0
usemtl Advanced_Glass_With_Imperfections
f 279/288/265 275/289/265 276/290/265 280/291/265
f 278/292/266 275/293/266 277/288/266
f 276/290/267 278/294/267 280/291/267
f 278/292/268 276/291/268 275/294/268
f 277/289/269 279/288/269 280/291/269 278/290/269
f 279/291/270 277/288/270 275/293/270
o For_Ref
v -0.497041 0.025573 0.660000
v -0.497041 0.198906 1.620000
v -0.277040 -0.061094 0.660000
v -0.423707 -0.061094 1.620000
v -0.277040 0.198906 0.660000
v -0.277040 0.198906 1.620000
vn -0.3652 0.9271 -0.0837
vn -0.3660 -0.9290 -0.0559
vn -0.0000 -0.0000 1.0000
vn -0.9613 -0.2711 0.0490
vn 0.9599 -0.2707 0.0733
vn -0.0000 -0.0000 -1.0000
vt 0.720067 0.279933
vt 0.279933 0.279933
vt 0.279933 0.720067
vt 0.720067 0.720067
vt 0.426644 0.720067
vt 0.279933 0.426644
vt 0.426644 0.279933
s 0
usemtl Advanced_Glass_With_Imperfections
f 285/295/271 281/296/271 282/297/271 286/298/271
f 284/299/272 281/300/272 283/295/272
f 282/297/273 284/301/273 286/298/273
f 284/299/274 282/298/274 281/301/274
f 283/296/275 285/295/275 286/298/275 284/297/275
f 285/298/276 283/295/276 281/300/276
o For_Ref
v -0.667227 -0.667400 0.660000
v -0.667227 -0.494067 1.620000
v -0.447227 -0.754066 0.660000
v -0.593894 -0.754067 1.620000
v -0.447227 -0.494066 0.660000
v -0.447227 -0.494067 1.620000
vn -0.3652 0.9271 -0.0837
vn -0.3660 -0.9290 -0.0559
vn -0.0000 -0.0000 1.0000
vn -0.9613 -0.2711 0.0490
vn 0.9599 -0.2707 0.0733
vn -0.0000 -0.0000 -1.0000
vt 0.720067 0.279933
vt 0.279933 0.279933
vt 0.279933 0.720067
vt 0.720067 0.720067
vt 0.426644 0.720067
vt 0.279933 0.426644
vt 0.426644 0.279933
s 0
usemtl Advanced_Glass_With_Imperfections
f 291/302/277 287/303/277 288/304/277 292/305/277
f 290/306/278 287/307/278 289/302/278
f 288/304/279 290/308/279 292/305/279
f 290/306/280 288/305/280 287/308/280
f 289/303/281 291/302/281 292/305/281 290/304/281
f 291/305/282 289/302/282 287/307/282
o For_Ref
v -0.580571 -0.024506 0.660000
v -0.580571 0.148827 1.620000
v -0.360571 -0.111173 0.660000
v -0.507238 -0.111173 1.620000
v -0.360571 0.148827 0.660000
v -0.360571 0.148827 1.620000
vn -0.3652 0.9271 -0.0837
vn -0.3660 -0.9290 -0.0559
vn -0.0000 -0.0000 1.0000
vn -0.9613 -0.2711 0.0490
vn 0.9599 -0.2707 0.0733
vn -0.0000 -0.0000 -1.0000
vt 0.720067 0.279933
vt 0.279933 0.279933
vt 0.279933 0.720067
vt 0.720067 0.720067
vt 0.426644 0.720067
vt 0.279933 0.426644
vt 0.426644 0.279933
s 0
usemtl Advanced_Glass_With_Imperfections
f 297/309/283 293/310/283 294/311/283 298/312/283
f 296/313/284 293/314/284 295/309/284
f 294/311/285 296/315/285 298/312/285
f 296/313/286 294/312/286 293/315/286
f 295/310/287 297/309/287 298/312/287 296/311/287
f 297/312/288 295/309/288 293/314/288
o For_Ref
v -0.225840 -0.888863 0.660000
v -0.225840 -0.715530 1.620000
v -0.005840 -0.975530 0.660000
v -0.152506 -0.975530 1.620000
v -0.005840 -0.715530 0.660000
v -0.005840 -0.715530 1.620000
vn -0.3652 0.9271 -0.0837
vn -0.3660 -0.9290 -0.0559
vn -0.0000 -0.0000 1.0000
vn -0.9613 -0.2711 0.0490
vn 0.9599 -0.2707 0.0733
vn -0.0000 -0.0000 -1.0000
vt 0.720067 0.279933
vt 0.279933 0.279933
vt 0.279933 0.720067
vt 0.720067 0.720067
vt 0.426644 0.720067
vt 0.279933 0.426644
vt 0.426644 0.279933
s 0
usemtl Advanced_Glass_With_Imperfections
f 303/316/289 299/317/289 300/318/289 304/319/289
f 302/320/290 299/321/290 301/316/290
f 300/318/291 302/322/291 304/319/291
f 302/320/292 300/319/292 299/322/292
f 301/317/293 303/316/293 304/319/293 302/318/293
f 303/319/294 301/316/294 299/321/294
o For_Ref
v -0.228945 -0.188582 0.660000
v -0.228945 -0.015249 1.620000
v -0.008945 -0.275249 0.660000
v -0.155611 -0.275249 1.620000
v -0.008945 -0.015249 0.660000
v -0.008945 -0.015249 1.620000
vn -0.3652 0.9271 -0.0837
vn -0.3660 -0.9290 -0.0559
vn -0.0000 -0.0000 1.0000
vn -0.9613 -0.2711 0.0490
vn 0.9599 -0.2707 0.0733
vn -0.0000 -0.0000 -1.0000
vt 0.720067 0.279933
vt 0.279933 0.279933
vt 0.279933 0.720067
vt 0.720067 0.720067
vt 0.426644 0.720067
vt 0.279933 0.426644
vt 0.426644 0.279933
s 0
usemtl Advanced_Glass_With_Imperfections
f 309/323/295 305/324/295 306/325/295 310/326/295
f 308/327/296 305/328/296 307/323/296
f 306/325/297 308/329/297 310/326/297
f 308/327/298 306/326/298 305/329/298
f 307/324/299 309/323/299 310/326/299 308/325/299
f 309/326/300 307/323/300 305/328/300
o For_Ref
v 0.379274 -0.660000 -0.922672
v 0.379274 -1.620000 -1.096005
v 0.159274 -0.660000 -0.836005
v 0.305941 -1.620000 -0.836005
v 0.159274 -0.660000 -1.096005
v 0.159274 -1.620000 -1.096005
vn 0.3652 0.0837 -0.9271
vn 0.3660 0.0559 0.9290
vn -0.0000 -1.0000 -0.0000
vn 0.9613 -0.0490 0.2711
vn -0.9599 -0.0733 0.2707
vn -0.0000 1.0000 -0.0000
vt 0.720067 0.279933
vt 0.279933 0.279933
vt 0.279933 0.720067
vt 0.720067 0.720067
vt 0.426644 0.720067
vt 0.279933 0.426644
vt 0.426644 0.279933
s 0
usemtl Advanced_Glass_With_Imperfections
f 315/330/301 311/331/301 312/332/301 316/333/301
f 314/334/302 311/335/302 313/330/302
f 312/332/303 314/336/303 316/333/303
f 314/334/304 312/333/304 311/336/304
f 313/331/305 315/330/305 316/333/305 314/332/305
f 315/333/306 313/330/306 311/335/306
o For_Ref
v -0.813445 -0.660000 -0.911036
v -0.813445 -1.620000 -1.084370
v -1.033445 -0.660000 -0.824370
v -0.886778 -1.620000 -0.824370
v -1.033445 -0.660000 -1.084370
v -1.033445 -1.620000 -1.084370
vn 0.3652 0.0837 -0.9271
vn 0.3660 0.0559 0.9290
vn -0.0000 -1.0000 -0.0000
vn 0.9613 -0.0490 0.2711
vn -0.9599 -0.0733 0.2707
vn -0.0000 1.0000 -0.0000
vt 0.720067 0.279933
vt 0.279933 0.279933
vt 0.279933 0.720067
vt 0.720067 0.720067
vt 0.426644 0.720067
vt 0.279933 0.426644
vt 0.426644 0.279933
s 0
usemtl Advanced_Glass_With_Imperfections
f 321/337/307 317/338/307 318/339/307 322/340/307
f 320/341/308 317/342/308 319/337/308
f 318/339/309 320/343/309 322/340/309
f 320/341/310 318/340/310 317/343/310
f 319/338/311 321/337/311 322/340/311 320/339/311
f 321/340/312 319/337/312 317/342/312
o For_Ref
v -0.278664 -0.660000 -0.462583
v -0.278664 -1.620000 -0.635916
v -0.498665 -0.660000 -0.375916
v -0.351998 -1.620000 -0.375916
v -0.498664 -0.660000 -0.635916
v -0.498664 -1.620000 -0.635916
vn 0.3652 0.0837 -0.9271
vn 0.3660 0.0559 0.9290
vn -0.0000 -1.0000 -0.0000
vn 0.9613 -0.0490 0.2711
vn -0.9599 -0.0733 0.2707
vn -0.0000 1.0000 -0.0000
vt 0.720067 0.279933
vt 0.279933 0.279933
vt 0.279933 0.720067
vt 0.720067 0.720067
vt 0.426644 0.720067
vt 0.279933 0.426644
vt 0.426644 0.279933
s 0
usemtl Advanced_Glass_With_Imperfections
f 327/344/313 323/345/313 324/346/313 328/347/313
f 326/348/314 323/349/314 325/344/314
f 324/346/315 326/350/315 328/347/315
f 326/348/316 324/347/316 323/350/316
f 325/345/317 327/344/317 328/347/317 326/346/317
f 327/347/318 325/344/318 323/349/318
o For_Ref
v 0.009939 -0.660000 -0.928696
v 0.009939 -1.620000 -1.102029
v -0.210061 -0.660000 -0.842030
v -0.063395 -1.620000 -0.842029
v -0.210061 -0.660000 -1.102030
v -0.210061 -1.620000 -1.102029
vn 0.3652 0.0837 -0.9271
vn 0.3660 0.0559 0.9290
vn -0.0000 -1.0000 -0.0000
vn 0.9613 -0.0490 0.2711
vn -0.9599 -0.0733 0.2707
vn -0.0000 1.0000 -0.0000
vt 0.720067 0.279933
vt 0.279933 0.279933
vt 0.279933 0.720067
vt 0.720067 0.720067
vt 0.426644 0.720067
vt 0.279933 0.426644
vt 0.426644 0.279933
s 0
usemtl Advanced_Glass_With_Imperfections
f 333/351/319 329/352/319 330/353/319 334/354/319
f 332/355/320 329/356/320 331/351/320
f 330/353/321 332/357/321 334/354/321
f 332/355/322 330/354/322 329/357/322
f 331/352/323 333/351/323 334/354/323 332/353/323
f 333/354/324 331/351/324 329/356/324
o For_Ref
v 0.984735 -0.660000 0.483595
v 0.984735 -1.620000 0.310262
v 0.764735 -0.660000 0.570262
v 0.911401 -1.620000 0.570262
v 0.764735 -0.660000 0.310262
v 0.764735 -1.620000 0.310262
vn 0.3652 0.0837 -0.9271
vn 0.3660 0.0559 0.9290
vn -0.0000 -1.0000 -0.0000
vn 0.9613 -0.0490 0.2711
vn -0.9599 -0.0733 0.2707
vn -0.0000 1.0000 -0.0000
vt 0.720067 0.279933
vt 0.279933 0.279933
vt 0.279933 0.720067
vt 0.720067 0.720067
vt 0.426644 0.720067
vt 0.279933 0.426644
vt 0.426644 0.279933
s 0
usemtl Advanced_Glass_With_Imperfections
f 339/358/325 335/359/325 336/360/325 340/361/325
f 338/362/326 335/363/326 337/358/326
f 336/360/327 338/364/327 340/361/327
f 338/362/328 336/361/328 335/364/328
f 337/359/329 339/358/329 340/361/329 338/360/329
f 339/361/330 337/358/330 335/363/330
o For_Ref
v -0.544766 -0.660000 0.671432
v -0.544766 -1.620000 0.498098
v -0.764766 -0.660000 0.758098
v -0.618099 -1.620000 0.758098
v -0.764766 -0.660000 0.498098
v -0.764766 -1.620000 0.498098
vn 0.3652 0.0837 -0.9271
vn 0.3660 0.0559 0.9290
vn -0.0000 -1.0000 -0.0000
vn 0.9613 -0.0490 0.2711
vn -0.9599 -0.0733 0.2707
vn -0.0000 1.0000 -0.0000
vt 0.720067 0.279933
vt 0.279933 0.279933
vt 0.279933 0.720067
vt 0.720067 0.720067
vt 0.426644 0.720067
vt 0.279933 0.426644
vt 0.426644 0.279933
s 0
usemtl Advanced_Glass_With_Imperfections
f 345/365/331 341/366/331 342/367/331 346/368/331
f 344/369/332 341/370/332 343/365/332
f 342/367/333 344/371/333 346/368/333
f 344/369/334 342/368/334 341/371/334
f 343/366/335 345/365/335 346/368/335 344/367/335
f 345/368/336 343/365/336 341/370/336
o For_Ref
v -0.829088 -0.660000 0.538100
v -0.829088 -1.620000 0.364767
v -1.049088 -0.660000 0.624766
v -0.902421 -1.620000 0.624767
v -1.049088 -0.660000 0.364766
v -1.049088 -1.620000 0.364767
vn 0.3652 0.0837 -0.9271
vn 0.3660 0.0559 0.9290
vn -0.0000 -1.0000 -0.0000
vn 0.9613 -0.0490 0.2711
vn -0.9599 -0.0733 0.2707
vn -0.0000 1.0000 -0.0000
vt 0.720067 0.279933
vt 0.279933 0.279933
vt 0.279933 0.720067
vt 0.720067 0.720067
vt 0.426644 0.720067
vt 0.279933 0.426644
vt 0.426644 0.279933
s 0
usemtl Advanced_Glass_With_Imperfections
f 351/372/337 347/373/337 348/374/337 352/375/337
f 350/376/338 347/377/338 349/372/338
f 348/374/339 350/378/339 352/375/339
f 350/376/340 348/375/340 347/378/340
f 349/373/341 351/372/341 352/375/341 350/374/341
f 351/375/342 349/372/342 347/377/342
o For_Ref
v 0.473798 -0.660000 0.505119
v 0.473798 -1.620000 0.331786
v 0.253798 -0.660000 0.591786
v 0.400465 -1.620000 0.591786
v 0.253798 -0.660000 0.331786
v 0.253798 -1.620000 0.331786
vn 0.3652 0.0837 -0.9271
vn 0.3660 0.0559 0.9290
vn -0.0000 -1.0000 -0.0000
vn 0.9613 -0.0490 0.2711
vn -0.9599 -0.0733 0.2707
vn -0.0000 1.0000 -0.0000
vt 0.720067 0.279933
vt 0.279933 0.279933
vt 0.279933 0.720067
vt 0.720067 0.720067
vt 0.426644 0.720067
vt 0.279933 0.426644
vt 0.426644 0.279933
s 0
usemtl Advanced_Glass_With_Imperfections
f 357/379/343 353/380/343 354/381/343 358/382/343
f 356/383/344 353/384/344 355/379/344
f 354/381/345 356/385/345 358/382/345
f 356/383/346 354/382/346 353/385/346
f 355/380/347 357/379/347 358/382/347 356/381/347
f 357/382/348 355/379/348 353/384/348
o For_Ref
v -0.786259 -0.660000 -0.011752
v -0.786259 -1.620000 -0.185085
v -1.006259 -0.660000 0.074915
v -0.859593 -1.620000 0.074915
v -1.006259 -0.660000 -0.185085
v -1.006259 -1.620000 -0.185085
vn 0.3652 0.0837 -0.9271
vn 0.3660 0.0559 0.9290
vn -0.0000 -1.0000 -0.0000
vn 0.9613 -0.0490 0.2711
vn -0.9599 -0.0733 0.2707
vn -0.0000 1.0000 -0.0000
vt 0.720067 0.279933
vt 0.279933 0.279933
vt 0.279933 0.720067
vt 0.720067 0.720067
vt 0.426644 0.720067
vt 0.279933 0.426644
vt 0.426644 0.279933
s 0
usemtl Advanced_Glass_With_Imperfections
f 363/386/349 359/387/349 360/388/349 364/389/349
f 362/390/350 359/391/350 361/386/350
f 360/388/351 362/392/351 364/389/351
f 362/390/352 360/389/352 359/392/352
f 361/387/353 363/386/353 364/389/353 362/388/353
f 363/389/354 361/386/354 359/391/354
o For_Ref
v 0.225546 -0.660000 0.839500
v 0.225546 -1.620000 0.666167
v 0.005546 -0.660000 0.926167
v 0.152213 -1.620000 0.926167
v 0.005546 -0.660000 0.666167
v 0.005546 -1.620000 0.666167
vn 0.3652 0.0837 -0.9271
vn 0.3660 0.0559 0.9290
vn -0.0000 -1.0000 -0.0000
vn 0.9613 -0.0490 0.2711
vn -0.9599 -0.0733 0.2707
vn -0.0000 1.0000 -0.0000
vt 0.720067 0.279933
vt 0.279933 0.279933
vt 0.279933 0.720067
vt 0.720067 0.720067
vt 0.426644 0.720067
vt 0.279933 0.426644
vt 0.426644 0.279933
s 0
usemtl Advanced_Glass_With_Imperfections
f 369/393/355 365/394/355 366/395/355 370/396/355
f 368/397/356 365/398/356 367/393/356
f 366/395/357 368/399/357 370/396/357
f 368/397/358 366/396/358 365/399/358
f 367/394/359 369/393/359 370/396/359 368/395/359
f 369/396/360 367/393/360 365/398/360
o For_Ref
v -0.760324 0.660000 0.749145
v -0.760324 1.620000 0.922478
v -0.980324 0.660000 0.662478
v -0.833657 1.620000 0.662478
v -0.980324 0.660000 0.922478
v -0.980324 1.620000 0.922478
vn 0.3652 -0.0837 0.9271
vn 0.3660 -0.0559 -0.9290
vn -0.0000 1.0000 -0.0000
vn 0.9613 0.0490 -0.2711
vn -0.9599 0.0733 -0.2707
vn -0.0000 -1.0000 -0.0000
vt 0.720067 0.279933
vt 0.279933 0.279933
vt 0.279933 0.720067
vt 0.720067 0.720067
vt 0.426644 0.720067
vt 0.279933 0.426644
vt 0.426644 0.279933
s 0
usemtl Advanced_Glass_With_Imperfections
f 375/400/361 371/401/361 372/402/361 376/403/361
f 374/404/362 371/405/362 373/400/362
f 372/402/363 374/406/363 376/403/363
f 374/404/364 372/403/364 371/406/364
f 373/401/365 375/400/365 376/403/365 374/402/365
f 375/403/366 373/400/366 371/405/366
o For_Ref
v -0.560677 0.660000 -0.620882
v -0.560677 1.620000 -0.447549
v -0.780677 0.660000 -0.707549
v -0.634010 1.620000 -0.707549
v -0.780677 0.660000 -0.447549
v -0.780677 1.620000 -0.447549
vn 0.3652 -0.0837 0.9271
vn 0.3660 -0.0559 -0.9290
vn -0.0000 1.0000 -0.0000
vn 0.9613 0.0490 -0.2711
vn -0.9599 0.0733 -0.2707
vn -0.0000 -1.0000 -0.0000
vt 0.720067 0.279933
vt 0.279933 0.279933
vt 0.279933 0.720067
vt 0.720067 0.720067
vt 0.426644 0.720067
vt 0.279933 0.426644
vt 0.426644 0.279933
s 0
usemtl Advanced_Glass_With_Imperfections
f 381/407/367 377/408/367 378/409/367 382/410/367
f 380/411/368 377/412/368 379/407/368
f 378/409/369 380/413/369 382/410/369
f 380/411/370 378/410/370 377/413/370
f 379/408/371 381/407/371 382/410/371 380/409/371
f 381/410/372 379/407/372 377/412/372
o For_Ref
v 0.346977 0.660000 -0.909659
v 0.346977 1.620000 -0.736326
v 0.126977 0.660000 -0.996326
v 0.273644 1.620000 -0.996326
v 0.126977 0.660000 -0.736326
v 0.126977 1.620000 -0.736326
vn 0.3652 -0.0837 0.9271
vn 0.3660 -0.0559 -0.9290
vn -0.0000 1.0000 -0.0000
vn 0.9613 0.0490 -0.2711
vn -0.9599 0.0733 -0.2707
vn -0.0000 -1.0000 -0.0000
vt 0.720067 0.279933
vt 0.279933 0.279933
vt 0.279933 0.720067
vt 0.720067 0.720067
vt 0.426644 0.720067
vt 0.279933 0.426644
vt 0.426644 0.279933
s 0
usemtl Advanced_Glass_With_Imperfections
f 387/414/373 383/415/373 384/416/373 388/417/373
f 386/418/374 383/419/374 385/414/374
f 384/416/375 386/420/375 388/417/375
f 386/418/376 384/417/376 383/420/376
f 385/415/377 387/414/377 388/417/377 386/416/377
f 387/417/378 385/414/378 383/419/378
o For_Ref
v -0.217132 0.660000 0.203848
v -0.217132 1.620000 0.377181
v -0.437133 0.660000 0.117181
v -0.290466 1.620000 0.117181
v -0.437132 0.660000 0.377181
v -0.437132 1.620000 0.377181
vn 0.3652 -0.0837 0.9271
vn 0.3660 -0.0559 -0.9290
vn -0.0000 1.0000 -0.0000
vn 0.9613 0.0490 -0.2711
vn -0.9599 0.0733 -0.2707
vn -0.0000 -1.0000 -0.0000
vt 0.720067 0.279933
vt 0.279933 0.279933
vt 0.279933 0.720067
vt 0.720067 0.720067
vt 0.426644 0.720067
vt 0.279933 0.426644
vt 0.426644 0.279933
s 0
usemtl Advanced_Glass_With_Imperfections
f 393/421/379 389/422/379 390/423/379 394/424/379
f 392/425/380 389/426/380 391/421/380
f 390/423/381 392/427/381 394/424/381
f 392/425/382 390/424/382 389/427/382
f 391/422/383 393/421/383 394/424/383 392/423/383
f 393/424/384 391/421/384 389/426/384
o For_Ref
v 0.409211 0.660000 -0.913333
v 0.409211 1.620000 -0.740000
v 0.189211 0.660000 -1.000000
v 0.335877 1.620000 -1.000000
v 0.189211 0.660000 -0.740000
v 0.189211 1.620000 -0.740000
vn 0.3652 -0.0837 0.9271
vn 0.3660 -0.0559 -0.9290
vn -0.0000 1.0000 -0.0000
vn 0.9613 0.0490 -0.2711
vn -0.9599 0.0733 -0.2707
vn -0.0000 -1.0000 -0.0000
vt 0.720067 0.279933
vt 0.279933 0.279933
vt 0.279933 0.720067
vt 0.720067 0.720067
vt 0.426644 0.720067
vt 0.279933 0.426644
vt 0.426644 0.279933
s 0
usemtl Advanced_Glass_With_Imperfections
f 399/428/385 395/429/385 396/430/385 400/431/385
f 398/432/386 395/433/386 397/428/386
f 396/430/387 398/434/387 400/431/387
f 398/432/388 396/431/388 395/434/388
f 397/429/389 399/428/389 400/431/389 398/430/389
f 399/431/390 397/428/390 395/433/390
o For_Ref
v 0.775177 0.660000 0.372172
v 0.775177 1.620000 0.545505
v 0.555176 0.660000 0.285505
v 0.701843 1.620000 0.285505
v 0.555176 0.660000 0.545505
v 0.555176 1.620000 0.545505
vn 0.3652 -0.0837 0.9271
vn 0.3660 -0.0559 -0.9290
vn -0.0000 1.0000 -0.0000
vn 0.9613 0.0490 -0.2711
vn -0.9599 0.0733 -0.2707
vn -0.0000 -1.0000 -0.0000
vt 0.720067 0.279933
vt 0.279933 0.279933
vt 0.279933 0.720067
vt 0.720067 0.720067
vt 0.426644 0.720067
vt 0.279933 0.426644
vt 0.426644 0.279933
s 0
usemtl Advanced_Glass_With_Imperfections
f 405/435/391 401/436/391 402/437/391 406/438/391
f 404/439/392 401/440/392 403/435/392
f 402/437/393 404/441/393 406/438/393
f 404/439/394 402/438/394 401/441/394
f 403/436/395 405/435/395 406/438/395 404/437/395
f 405/438/396 403/435/396 401/440/396
o For_Ref
v 0.917338 0.660000 -0.774227
v 0.917338 1.620000 -0.600894
v 0.697338 0.660000 -0.860894
v 0.844004 1.620000 -0.860894
v 0.697338 0.660000 -0.600894
v 0.697338 1.620000 -0.600894
vn 0.3652 -0.0837 0.9271
vn 0.3660 -0.0559 -0.9290
vn -0.0000 1.0000 -0.0000
vn 0.9613 0.0490 -0.2711
vn -0.9599 0.0733 -0.2707
vn -0.0000 -1.0000 -0.0000
vt 0.720067 0.279933
vt 0.279933 0.279933
vt 0.279933 0.720067
vt 0.720067 0.720067
vt 0.426644 0.720067
vt 0.279933 0.426644
vt 0.426644 0.279933
s 0
usemtl Advanced_Glass_With_Imperfections
f 411/442/397 407/443/397 408/444/397 412/445/397
f 410/446/398 407/447/398 409/442/398
f 408/444/399 410/448/399 412/445/399
f 410/446/400 408/445/400 407/448/400
f 409/443/401 411/442/401 412/445/401 410/444/401
f 411/445/402 409/442/402 407/447/402
o For_Ref
v 0.791722 0.660000 0.916369
v 0.791722 1.620000 1.089702
v 0.571722 0.660000 0.829702
v 0.718389 1.620000 0.829702
v 0.571722 0.660000 1.089702
v 0.571722 1.620000 1.089702
vn 0.3652 -0.0837 0.9271
vn 0.3660 -0.0559 -0.9290
vn -0.0000 1.0000 -0.0000
vn 0.9613 0.0490 -0.2711
vn -0.9599 0.0733 -0.2707
vn -0.0000 -1.0000 -0.0000
vt 0.720067 0.279933
vt 0.279933 0.279933
vt 0.279933 0.720067
vt 0.720067 0.720067
vt 0.426644 0.720067
vt 0.279933 0.426644
vt 0.426644 0.279933
s 0
usemtl Advanced_Glass_With_Imperfections
f 417/449/403 413/450/403 414/451/403 418/452/403
f 416/453/404 413/454/404 415/449/404
f 414/451/405 416/455/405 418/452/405
f 416/453/406 414/452/406 413/455/406
f 415/450/407 417/449/407 418/452/407 416/451/407
f 417/452/408 415/449/408 413/454/408
o For_Ref
v 0.287740 0.660000 0.248325
v 0.287741 1.620000 0.421658
v 0.067740 0.660000 0.161658
v 0.214407 1.620000 0.161658
v 0.067740 0.660000 0.421658
v 0.067740 1.620000 0.421658
vn 0.3652 -0.0837 0.9271
vn 0.3660 -0.0559 -0.9290
vn -0.0000 1.0000 -0.0000
vn 0.9613 0.0490 -0.2711
vn -0.9599 0.0733 -0.2707
vn -0.0000 -1.0000 -0.0000
vt 0.720067 0.279933
vt 0.279933 0.279933
vt 0.279933 0.720067
vt 0.720067 0.720067
vt 0.426644 0.720067
vt 0.279933 0.426644
vt 0.426644 0.279933
s 0
usemtl Advanced_Glass_With_Imperfections
f 423/456/409 419/457/409 420/458/409 424/459/409
f 422/460/410 419/461/410 421/456/410
f 420/458/411 422/462/411 424/459/411
f 422/460/412 420/459/412 419/462/412
f 421/457/413 423/456/413 424/459/413 422/458/413
f 423/459/414 421/456/414 419/461/414
o For_Ref
v 1.087923 0.660000 0.361170
v 1.087923 1.620000 0.534503
v 0.867923 0.660000 0.274503
v 1.014590 1.620000 0.274503
v 0.867923 0.660000 0.534503
v 0.867923 1.620000 0.534503
vn 0.3652 -0.0837 0.9271
vn 0.3660 -0.0559 -0.9290
vn -0.0000 1.0000 -0.0000
vn 0.9613 0.0490 -0.2711
vn -0.9599 0.0733 -0.2707
vn -0.0000 -1.0000 -0.0000
vt 0.720067 0.279933
vt 0.279933 0.279933
vt 0.279933 0.720067
vt 0.720067 0.720067
vt 0.426644 0.720067
vt 0.279933 0.426644
vt 0.426644 0.279933
s 0
usemtl Advanced_Glass_With_Imperfections
f 429/463/415 425/464/415 426/465/415 430/466/415
f 428/467/416 425/468/416 427/463/416
f 426/465/417 428/469/417 430/466/417
f 428/467/418 426/466/418 425/469/418
f 427/464/419 429/463/419 430/466/419 428/465/419
f 429/466/420 427/463/420 425/468/420
o For_Ref
v -0.244691 0.660000 0.763721
v -0.244691 1.620000 0.937054
v -0.464691 0.660000 0.677054
v -0.318025 1.620000 0.677054
v -0.464691 0.660000 0.937054
v -0.464691 1.620000 0.937054
vn 0.3652 -0.0837 0.9271
vn 0.3660 -0.0559 -0.9290
vn -0.0000 1.0000 -0.0000
vn 0.9613 0.0490 -0.2711
vn -0.9599 0.0733 -0.2707
vn -0.0000 -1.0000 -0.0000
vt 0.720067 0.279933
vt 0.279933 0.279933
vt 0.279933 0.720067
vt 0.720067 0.720067
vt 0.426644 0.720067
vt 0.279933 0.426644
vt 0.426644 0.279933
s 0
usemtl Advanced_Glass_With_Imperfections
f 435/470/421 431/471/421 432/472/421 436/473/421
f 434/474/422 431/475/422 433/470/422
f 432/472/423 434/476/423 436/473/423
f 434/474/424 432/473/424 431/476/424
f 433/471/425 435/470/425 436/473/425 434/472/425
f 435/473/426 433/470/426 431/475/426
o For_Ref
v 0.882261 0.024935 -0.324533
v 1.044844 0.985325 -0.378050
v 0.868764 0.024733 -0.088464
v 0.820833 0.984735 -0.227064
v 1.115715 0.025321 -0.169796
v 1.113664 0.985318 -0.169091
vn 0.7665 -0.0816 -0.6370
vn -0.9967 -0.0580 -0.0570
vn -0.0021 1.0000 0.0007
vn -0.5583 0.0484 -0.8282
vn 0.0430 0.0727 0.9964
vn 0.0021 -1.0000 -0.0007
vt 0.720067 0.279933
vt 0.279933 0.279933
vt 0.279933 0.720067
vt 0.720067 0.720067
vt 0.426644 0.720067
vt 0.279933 0.426644
vt 0.426644 0.279933
s 0
usemtl Advanced_Glass_With_Imperfections
f 441/477/427 437/478/427 438/479/427 442/480/427
f 440/481/428 437/482/428 439/477/428
f 438/479/429 440/483/429 442/480/429
f 440/481/430 438/480/430 437/483/430
f 439/478/431 441/477/431 442/480/431 440/479/431
f 441/480/432 439/477/432 437/482/432
o For_Ref
v 1.827560 0.027510 -1.081578
v 1.990143 0.987899 -1.135094
v 1.814064 0.027308 -0.845508
v 1.766133 0.987310 -0.984108
v 2.061014 0.027895 -0.926841
v 2.058964 0.987893 -0.926135
vn 0.7665 -0.0816 -0.6370
vn -0.9967 -0.0580 -0.0570
vn -0.0021 1.0000 0.0007
vn -0.5583 0.0484 -0.8282
vn 0.0430 0.0727 0.9964
vn 0.0021 -1.0000 -0.0007
vt 0.720067 0.279933
vt 0.279933 0.279933
vt 0.279933 0.720067
vt 0.720067 0.720067
vt 0.426644 0.720067
vt 0.279933 0.426644
vt 0.426644 0.279933
s 0
usemtl Advanced_Glass_With_Imperfections
f 447/484/433 443/485/433 444/486/433 448/487/433
f 446/488/434 443/489/434 445/484/434
f 444/486/435 446/490/435 448/487/435
f 446/488/436 444/487/436 443/490/436
f 445/485/437 447/484/437 448/487/437 446/486/437
f 447/487/438 445/484/438 443/489/438
o For_Ref
v 1.463281 0.026033 -0.106786
v 1.625864 0.986422 -0.160302
v 1.449785 0.025831 0.129284
v 1.401854 0.985833 -0.009317
v 1.696735 0.026418 0.047951
v 1.694685 0.986416 0.048657
vn 0.7665 -0.0816 -0.6370
vn -0.9967 -0.0580 -0.0570
vn -0.0021 1.0000 0.0007
vn -0.5583 0.0484 -0.8282
vn 0.0430 0.0727 0.9964
vn 0.0021 -1.0000 -0.0007
vt 0.720067 0.279933
vt 0.279933 0.279933
vt 0.279933 0.720067
vt 0.720067 0.720067
vt 0.426644 0.720067
vt 0.279933 0.426644
vt 0.426644 0.279933
s 0
usemtl Advanced_Glass_With_Imperfections
f 453/491/439 449/492/439 450/493/439 454/494/439
f 452/495/440 449/496/440 451/491/440
f 450/493/441 452/497/441 454/494/441
f 452/495/442 450/494/442 449/497/442
f 451/492/443 453/491/443 454/494/443 452/493/443
f 453/494/444 451/491/444 449/496/444
o For_Ref
v 1.184346 0.025421 -0.090840
v 1.346929 0.985810 -0.144357
v 1.170850 0.025218 0.145229
v 1.122919 0.985220 0.006629
v 1.417800 0.025806 0.063897
v 1.415750 0.985803 0.064602
vn 0.7665 -0.0816 -0.6370
vn -0.9967 -0.0580 -0.0570
vn -0.0021 1.0000 0.0007
vn -0.5583 0.0484 -0.8282
vn 0.0430 0.0727 0.9964
vn 0.0021 -1.0000 -0.0007
vt 0.720067 0.279933
vt 0.279933 0.279933
vt 0.279933 0.720067
vt 0.720067 0.720067
vt 0.426644 0.720067
vt 0.279933 0.426644
vt 0.426644 0.279933
s 0
usemtl Advanced_Glass_With_Imperfections
f 459/498/445 455/499/445 456/500/445 460/501/445
f 458/502/446 455/503/446 457/498/446
f 456/500/447 458/504/447 460/501/447
f 458/502/448 456/501/448 455/504/448
f 457/499/449 459/498/449 460/501/449 458/500/449
f 459/501/450 457/498/450 455/503/450
o For_Ref
v 1.567556 0.026903 -1.015881
v 1.730139 0.987292 -1.069398
v 1.554059 0.026701 -0.779812
v 1.506128 0.986703 -0.918412
v 1.801010 0.027288 -0.861144
v 1.798959 0.987286 -0.860439
vn 0.7665 -0.0816 -0.6370
vn -0.9967 -0.0580 -0.0570
vn -0.0021 1.0000 0.0007
vn -0.5583 0.0484 -0.8282
vn 0.0430 0.0727 0.9964
vn 0.0021 -1.0000 -0.0007
vt 0.720067 0.279933
vt 0.279933 0.279933
vt 0.279933 0.720067
vt 0.720067 0.720067
vt 0.426644 0.720067
vt 0.279933 0.426644
vt 0.426644 0.279933
s 0
usemtl Advanced_Glass_With_Imperfections
f 465/505/451 461/506/451 462/507/451 466/508/451
f 464/509/452 461/510/452 463/505/452
f 462/507/453 464/511/453 466/508/453
f 464/509/454 462/508/454 461/511/454
f 463/506/455 465/505/455 466/508/455 464/507/455
f 465/508/456 463/505/456 461/510/456
o For_Ref
v 0.498515 0.023540 0.476854
v 0.661098 0.983929 0.423338
v 0.485018 0.023337 0.712924
v 0.437087 0.983339 0.574323
v 0.731969 0.023925 0.631591
v 0.729918 0.983922 0.632296
vn 0.7665 -0.0816 -0.6370
vn -0.9967 -0.0580 -0.0570
vn -0.0021 1.0000 0.0007
vn -0.5583 0.0484 -0.8282
vn 0.0430 0.0727 0.9964
vn 0.0021 -1.0000 -0.0007
vt 0.720067 0.279933
vt 0.279933 0.279933
vt 0.279933 0.720067
vt 0.720067 0.720067
vt 0.426644 0.720067
vt 0.279933 0.426644
vt 0.426644 0.279933
s 0
usemtl Advanced_Glass_With_Imperfections
f 471/512/457 467/513/457 468/514/457 472/515/457
f 470/516/458 467/517/458 469/512/458
f 468/514/459 470/518/459 472/515/459
f 470/516/460 468/515/460 467/518/460
f 469/513/461 471/512/461 472/515/461 470/514/461
f 471/515/462 469/512/462 467/517/462
o For_Ref
v 0.578446 0.024148 -0.137285
v 0.741028 0.984537 -0.190802
v 0.564949 0.023945 0.098784
v 0.517018 0.983947 -0.039816
v 0.811900 0.024533 0.017452
v 0.809849 0.984530 0.018157
vn 0.7665 -0.0816 -0.6370
vn -0.9967 -0.0580 -0.0570
vn -0.0021 1.0000 0.0007
vn -0.5583 0.0484 -0.8282
vn 0.0430 0.0727 0.9964
vn 0.0021 -1.0000 -0.0007
vt 0.720067 0.279933
vt 0.279933 0.279933
vt 0.279933 0.720067
vt 0.720067 0.720067
vt 0.426644 0.720067
vt 0.279933 0.426644
vt 0.426644 0.279933
s 0
usemtl Advanced_Glass_With_Imperfections
f 477/519/463 473/520/463 474/521/463 478/522/463
f 476/523/464 473/524/464 475/519/464
f 474/521/465 476/525/465 478/522/465
f 476/523/466 474/522/466 473/525/466
f 475/520/467 477/519/467 478/522/467 476/521/467
f 477/522/468 475/519/468 473/524/468
o For_Ref
v 0.194731 0.023444 -0.310904
v 0.357314 0.983833 -0.364420
v 0.181234 0.023242 -0.074834
v 0.133303 0.983244 -0.213434
v 0.428185 0.023829 -0.156167
v 0.426134 0.983827 -0.155461
vn 0.7665 -0.0816 -0.6370
vn -0.9967 -0.0580 -0.0570
vn -0.0021 1.0000 0.0007
vn -0.5583 0.0484 -0.8282
vn 0.0430 0.0727 0.9964
vn 0.0021 -1.0000 -0.0007
vt 0.720067 0.279933
vt 0.279933 0.279933
vt 0.279933 0.720067
vt 0.720067 0.720067
vt 0.426644 0.720067
vt 0.279933 0.426644
vt 0.426644 0.279933
s 0
usemtl Advanced_Glass_With_Imperfections
f 483/526/469 479/527/469 480/528/469 484/529/469
f 482/530/470 479/531/470 481/526/470
f 480/528/471 482/532/471 484/529/471
f 482/530/472 480/529/472 479/532/472
f 481/527/473 483/526/473 484/529/473 482/528/473
f 483/529/474 481/526/474 479/531/474
o For_Ref
v 0.381012 0.024462 -1.179548
v 0.543595 0.984851 -1.233064
v 0.367516 0.024260 -0.943478
v 0.319584 0.984262 -1.082078
v 0.614466 0.024847 -1.024811
v 0.612415 0.984845 -1.024105
vn 0.7665 -0.0816 -0.6370
vn -0.9967 -0.0580 -0.0570
vn -0.0021 1.0000 0.0007
vn -0.5583 0.0484 -0.8282
vn 0.0430 0.0727 0.9964
vn 0.0021 -1.0000 -0.0007
vt 0.720067 0.279933
vt 0.279933 0.279933
vt 0.279933 0.720067
vt 0.720067 0.720067
vt 0.426644 0.720067
vt 0.279933 0.426644
vt 0.426644 0.279933
s 0
usemtl Advanced_Glass_With_Imperfections
f 489/533/475 485/534/475 486/535/475 490/536/475
f 488/537/476 485/538/476 487/533/476
f 486/535/477 488/539/477 490/536/477
f 488/537/478 486/536/478 485/539/478
f 487/534/479 489/533/479 490/536/479 488/535/479
f 489/536/480 487/533/480 485/538/480
o For_Ref
v 0.724521 0.024967 -0.848092
v 0.887103 0.985356 -0.901609
v 0.711024 0.024765 -0.612023
v 0.663093 0.984767 -0.750623
v 0.957975 0.025352 -0.693355
v 0.955924 0.985350 -0.692650
vn 0.7665 -0.0816 -0.6370
vn -0.9967 -0.0580 -0.0570
vn -0.0021 1.0000 0.0007
vn -0.5583 0.0484 -0.8282
vn 0.0430 0.0727 0.9964
vn 0.0021 -1.0000 -0.0007
vt 0.720067 0.279933
vt 0.279933 0.279933
vt 0.279933 0.720067
vt 0.720067 0.720067
vt 0.426644 0.720067
vt 0.279933 0.426644
vt 0.426644 0.279933
s 0
usemtl Advanced_Glass_With_Imperfections
f 495/540/481 491/541/481 492/542/481 496/543/481
f 494/544/482 491/545/482 493/540/482
f 492/542/483 494/546/483 496/543/483
f 494/544/484 492/543/484 491/546/484
f 493/541/485 495/540/485 496/543/485 494/542/485
f 495/543/486 493/540/486 491/545/486
o For_Ref
v 0.579065 0.024064 -0.017448
v 0.741648 0.984453 -0.070964
v 0.565568 0.023862 0.218622
v 0.517637 0.983864 0.080022
v 0.812519 0.024449 0.137289
v 0.810468 0.984447 0.137995
vn 0.7665 -0.0816 -0.6370
vn -0.9967 -0.0580 -0.0570
vn -0.0021 1.0000 0.0007
vn -0.5583 0.0484 -0.8282
vn 0.0430 0.0727 0.9964
vn 0.0021 -1.0000 -0.0007
vt 0.720067 0.279933
vt 0.279933 0.279933
vt 0.279933 0.720067
vt 0.720067 0.720067
vt 0.426644 0.720067
vt 0.279933 0.426644
vt 0.426644 0.279933
s 0
usemtl Advanced_Glass_With_Imperfections
f 501/547/487 497/548/487 498/549/487 502/550/487
f 500/551/488 497/552/488 499/547/488
f 498/549/489 500/553/489 502/550/489
f 500/551/490 498/550/490 497/553/490
f 499/548/491 501/547/491 502/550/491 500/549/491
f 501/550/492 499/547/492 497/552/492
o For_Ref
v 1.301717 0.137010 -1.304094
v 1.035320 0.310424 -2.226377
v 1.090355 0.050343 -1.243051
v 0.964861 0.050424 -2.206048
v 1.090361 0.310343 -1.243030
v 0.823961 0.310424 -2.165326
vn 0.3741 0.9271 -0.0209
vn 0.3671 -0.9290 -0.0479
vn -0.2775 0.0001 -0.9607
vn 0.9099 -0.2711 -0.3138
vn -0.9425 -0.2707 0.1959
vn 0.2775 -0.0001 0.9607
vt 0.720067 0.279933
vt 0.279933 0.279933
vt 0.279933 0.720067
vt 0.720067 0.720067
vt 0.426644 0.720067
vt 0.279933 0.426644
vt 0.426644 0.279933
s 0
usemtl Advanced_Glass_With_Imperfections
f 507/554/493 503/555/493 504/556/493 508/557/493
f 506/558/494 503/559/494 505/554/494
f 504/556/495 506/560/495 508/557/495
f 506/558/496 504/557/496 503/560/496
f 505/555/497 507/554/497 508/557/497 506/556/497
f 507/557/498 505/554/498 503/559/498
o For_Ref
v 1.368430 0.261324 -1.323353
v 1.102033 0.434738 -2.245635
v 1.157068 0.174658 -1.262310
v 1.031574 0.174738 -2.225306
v 1.157074 0.434658 -1.262288
v 0.890674 0.434738 -2.184585
vn 0.3741 0.9271 -0.0209
vn 0.3671 -0.9290 -0.0479
vn -0.2775 0.0001 -0.9607
vn 0.9099 -0.2711 -0.3138
vn -0.9425 -0.2707 0.1959
vn 0.2775 -0.0001 0.9607
vt 0.720067 0.279933
vt 0.279933 0.279933
vt 0.279933 0.720067
vt 0.720067 0.720067
vt 0.426644 0.720067
vt 0.279933 0.426644
vt 0.426644 0.279933
s 0
usemtl Advanced_Glass_With_Imperfections
f 513/561/499 509/562/499 510/563/499 514/564/499
f 512/565/500 509/566/500 511/561/500
f 510/563/501 512/567/501 514/564/501
f 512/565/502 510/564/502 509/567/502
f 511/562/503 513/561/503 514/564/503 512/563/503
f 513/564/504 511/561/504 509/566/504
o For_Ref
v 1.734993 -0.625787 -1.429310
v 1.468597 -0.452373 -2.351593
v 1.523632 -0.712453 -1.368267
v 1.398137 -0.712373 -2.331264
v 1.523638 -0.452453 -1.368246
v 1.257237 -0.452373 -2.290543
vn 0.3741 0.9271 -0.0209
vn 0.3671 -0.9290 -0.0479
vn -0.2775 0.0001 -0.9607
vn 0.9099 -0.2711 -0.3138
vn -0.9425 -0.2707 0.1959
vn 0.2775 -0.0001 0.9607
vt 0.720067 0.279933
vt 0.279933 0.279933
vt 0.279933 0.720067
vt 0.720067 0.720067
vt 0.426644 0.720067
vt 0.279933 0.426644
vt 0.426644 0.279933
s 0
usemtl Advanced_Glass_With_Imperfections
f 519/568/505 515/569/505 516/570/505 520/571/505
f 518/572/506 515/573/506 517/568/506
f 516/570/507 518/574/507 520/571/507
f 518/572/508 516/571/508 515/574/508
f 517/569/509 519/568/509 520/571/509 518/570/509
f 519/571/510 517/568/510 515/573/510
o For_Ref
v 1.693166 -0.432476 -1.417212
v 1.426769 -0.259062 -2.339494
v 1.481804 -0.519143 -1.356168
v 1.356310 -0.519062 -2.319165
v 1.481810 -0.259143 -1.356147
v 1.215409 -0.259062 -2.278444
vn 0.3741 0.9271 -0.0209
vn 0.3671 -0.9290 -0.0479
vn -0.2775 0.0001 -0.9607
vn 0.9099 -0.2711 -0.3138
vn -0.9425 -0.2707 0.1959
vn 0.2775 -0.0001 0.9607
vt 0.720067 0.279933
vt 0.279933 0.279933
vt 0.279933 0.720067
vt 0.720067 0.720067
vt 0.426644 0.720067
vt 0.279933 0.426644
vt 0.426644 0.279933
s 0
usemtl Advanced_Glass_With_Imperfections
f 525/575/511 521/576/511 522/577/511 526/578/511
f 524/579/512 521/580/512 523/575/512
f 522/577/513 524/581/513 526/578/513
f 524/579/514 522/578/514 521/581/514
f 523/576/515 525/575/515 526/578/515 524/577/515
f 525/578/516 523/575/516 521/580/516
o For_Ref
v 1.116900 0.206379 -1.250704
v 0.850504 0.379793 -2.172987
v 0.905539 0.119713 -1.189661
v 0.780044 0.119793 -2.152658
v 0.905545 0.379713 -1.189640
v 0.639144 0.379793 -2.111937
vn 0.3741 0.9271 -0.0209
vn 0.3671 -0.9290 -0.0479
vn -0.2775 0.0001 -0.9607
vn 0.9099 -0.2711 -0.3138
vn -0.9425 -0.2707 0.1959
vn 0.2775 -0.0001 0.9607
vt 0.720067 0.279933
vt 0.279933 0.279933
vt 0.279933 0.720067
vt 0.720067 0.720067
vt 0.426644 0.720067
vt 0.279933 0.426644
vt 0.426644 0.279933
s 0
usemtl Advanced_Glass_With_Imperfections
f 531/582/517 527/583/517 528/584/517 532/585/517
f 530/586/518 527/587/518 529/582/518
f 528/584/519 530/588/519 532/585/519
f 530/586/520 528/585/520 527/588/520
f 529/583/521 531/582/521 532/585/521 530/584/521
f 531/585/522 529/582/522 527/587/522
o For_Ref
v 0.471266 -0.775148 -1.064302
v 0.204869 -0.601734 -1.986584
v 0.259904 -0.861814 -1.003259
v 0.134410 -0.861734 -1.966255
v 0.259910 -0.601814 -1.003238
v -0.006490 -0.601734 -1.925534
vn 0.3741 0.9271 -0.0209
vn 0.3671 -0.9290 -0.0479
vn -0.2775 0.0001 -0.9607
vn 0.9099 -0.2711 -0.3138
vn -0.9425 -0.2707 0.1959
vn 0.2775 -0.0001 0.9607
vt 0.720067 0.279933
vt 0.279933 0.279933
vt 0.279933 0.720067
vt 0.720067 0.720067
vt 0.426644 0.720067
vt 0.279933 0.426644
vt 0.426644 0.279933
s 0
usemtl Advanced_Glass_With_Imperfections
f 537/589/523 533/590/523 534/591/523 538/592/523
f 536/593/524 533/594/524 535/589/524
f 534/591/525 536/595/525 538/592/525
f 536/593/526 534/592/526 533/595/526
f 535/590/527 537/589/527 538/592/527 536/591/527
f 537/592/528 535/589/528 533/594/528
o For_Ref
v 0.307673 -0.969519 -1.017066
v 0.041276 -0.796105 -1.939348
v 0.096311 -1.056186 -0.956023
v -0.029183 -1.056105 -1.919019
v 0.096317 -0.796186 -0.956001
v -0.170084 -0.796105 -1.878298
vn 0.3741 0.9271 -0.0209
vn 0.3671 -0.9290 -0.0479
vn -0.2775 0.0001 -0.9607
vn 0.9099 -0.2711 -0.3138
vn -0.9425 -0.2707 0.1959
vn 0.2775 -0.0001 0.9607
vt 0.720067 0.279933
vt 0.279933 0.279933
vt 0.279933 0.720067
vt 0.720067 0.720067
vt 0.426644 0.720067
vt 0.279933 0.426644
vt 0.426644 0.279933
s 0
usemtl Advanced_Glass_With_Imperfections
f 543/596/529 539/597/529 540/598/529 544/599/529
f 542/600/530 539/601/530 541/596/530
f 540/598/531 542/602/531 544/599/531
f 542/600/532 540/599/532 539/602/532
f 541/597/533 543/596/533 544/599/533 542/598/533
f 543/599/534 541/596/534 539/601/534
o For_Ref
v 0.342671 -1.128919 -1.027189
v 0.076275 -0.955506 -1.949471
v 0.131310 -1.215586 -0.966146
v 0.005815 -1.215506 -1.929142
v 0.131316 -0.955586 -0.966125
v -0.135085 -0.955506 -1.888421
vn 0.3741 0.9271 -0.0209
vn 0.3671 -0.9290 -0.0479
vn -0.2775 0.0001 -0.9607
vn 0.9099 -0.2711 -0.3138
vn -0.9425 -0.2707 0.1959
vn 0.2775 -0.0001 0.9607
vt 0.720067 0.279933
vt 0.279933 0.279933
vt 0.279933 0.720067
vt 0.720067 0.720067
vt 0.426644 0.720067
vt 0.279933 0.426644
vt 0.426644 0.279933
s 0
usemtl Advanced_Glass_With_Imperfections
f 549/603/535 545/604/535 546/605/535 550/606/535
f 548/607/536 545/608/536 547/603/536
f 546/605/537 548/609/537 550/606/537
f 548/607/538 546/606/538 545/609/538
f 547/604/539 549/603/539 550/606/539 548/605/539
f 549/606/540 547/603/540 545/608/540
o For_Ref
v 0.505777 -0.500711 -1.074246
v 0.239380 -0.327297 -1.996529
v 0.294415 -0.587378 -1.013203
v 0.168921 -0.587297 -1.976200
v 0.294421 -0.327378 -1.013182
v 0.028020 -0.327297 -1.935478
vn 0.3741 0.9271 -0.0209
vn 0.3671 -0.9290 -0.0479
vn -0.2775 0.0001 -0.9607
vn 0.9099 -0.2711 -0.3138
vn -0.9425 -0.2707 0.1959
vn 0.2775 -0.0001 0.9607
vt 0.720067 0.279933
vt 0.279933 0.279933
vt 0.279933 0.720067
vt 0.720067 0.720067
vt 0.426644 0.720067
vt 0.279933 0.426644
vt 0.426644 0.279933
s 0
usemtl Advanced_Glass_With_Imperfections
f 555/610/541 551/611/541 552/612/541 556/613/541
f 554/614/542 551/615/542 553/610/542
f 552/612/543 554/616/543 556/613/543
f 554/614/544 552/613/544 551/616/544
f 553/611/545 555/610/545 556/613/545 554/612/545
f 555/613/546 553/610/546 551/615/546
o For_Ref
v 1.618302 -0.832972 -1.045984
v 1.785005 -1.792577 -1.100891
v 1.467166 -0.833168 -1.227833
v 1.515114 -1.793167 -1.089213
v 1.714117 -0.832578 -1.309164
v 1.716186 -1.792576 -1.309850
vn 0.9947 0.0858 0.0569
vn -0.7680 0.0538 0.6382
vn 0.0022 -1.0000 -0.0007
vn 0.0433 -0.0496 0.9978
vn -0.5572 -0.0739 -0.8271
vn -0.0022 1.0000 0.0007
vt 0.720067 0.279933
vt 0.279933 0.279933
vt 0.279933 0.720067
vt 0.720067 0.720067
vt 0.426644 0.720067
vt 0.279933 0.426644
vt 0.426644 0.279933
s 0
usemtl Advanced_Glass_With_Imperfections
f 561/617/547 557/618/547 558/619/547 562/620/547
f 560/621/548 557/622/548 559/617/548
f 558/619/549 560/623/549 562/620/549
f 560/621/550 558/620/550 557/623/550
f 559/618/551 561/617/551 562/620/551 560/619/551
f 561/620/552 559/617/552 557/622/552
o For_Ref
v 1.572945 -0.833709 -0.146262
v 1.739648 -1.793313 -0.201169
v 1.421809 -0.833904 -0.328110
v 1.469757 -1.793903 -0.189490
v 1.668760 -0.833314 -0.409442
v 1.670829 -1.793312 -0.410128
vn 0.9947 0.0858 0.0569
vn -0.7680 0.0538 0.6382
vn 0.0022 -1.0000 -0.0007
vn 0.0433 -0.0496 0.9978
vn -0.5572 -0.0739 -0.8271
vn -0.0022 1.0000 0.0007
vt 0.720067 0.279933
vt 0.279933 0.279933
vt 0.279933 0.720067
vt 0.720067 0.720067
vt 0.426644 0.720067
vt 0.279933 0.426644
vt 0.426644 0.279933
s 0
usemtl Advanced_Glass_With_Imperfections
f 567/624/553 563/625/553 564/626/553 568/627/553
f 566/628/554 563/629/554 565/624/554
f 564/626/555 566/630/555 568/627/555
f 566/628/556 564/627/556 563/630/556
f 565/625/557 567/624/557 568/627/557 566/626/557
f 567/627/558 565/624/558 563/629/558
o For_Ref
v 2.010678 -0.832856 -0.018331
v 2.177381 -1.792461 -0.073238
v 1.859542 -0.833052 -0.200180
v 1.907490 -1.793051 -0.061560
v 2.106493 -0.832462 -0.281511
v 2.108562 -1.792460 -0.282197
vn 0.9947 0.0858 0.0569
vn -0.7680 0.0538 0.6382
vn 0.0022 -1.0000 -0.0007
vn 0.0433 -0.0496 0.9978
vn -0.5572 -0.0739 -0.8271
vn -0.0022 1.0000 0.0007
vt 0.720067 0.279933
vt 0.279933 0.279933
vt 0.279933 0.720067
vt 0.720067 0.720067
vt 0.426644 0.720067
vt 0.279933 0.426644
vt 0.426644 0.279933
s 0
usemtl Advanced_Glass_With_Imperfections
f 573/631/559 569/632/559 570/633/559 574/634/559
f 572/635/560 569/636/560 571/631/560
f 570/633/561 572/637/561 574/634/561
f 572/635/562 570/634/562 569/637/562
f 571/632/563 573/631/563 574/634/563 572/633/563
f 573/634/564 571/631/564 569/636/564
o For_Ref
v 0.607850 -0.835038 -1.202965
v 0.774553 -1.794643 -1.257871
v 0.456714 -0.835234 -1.384813
v 0.504663 -1.795233 -1.246193
v 0.703665 -0.834644 -1.466145
v 0.705734 -1.794642 -1.466831
vn 0.9947 0.0858 0.0569
vn -0.7680 0.0538 0.6382
vn 0.0022 -1.0000 -0.0007
vn 0.0433 -0.0496 0.9978
vn -0.5572 -0.0739 -0.8271
vn -0.0022 1.0000 0.0007
vt 0.720067 0.279933
vt 0.279933 0.279933
vt 0.279933 0.720067
vt 0.720067 0.720067
vt 0.426644 0.720067
vt 0.279933 0.426644
vt 0.426644 0.279933
s 0
usemtl Advanced_Glass_With_Imperfections
f 579/638/565 575/639/565 576/640/565 580/641/565
f 578/642/566 575/643/566 577/638/566
f 576/640/567 578/644/567 580/641/567
f 578/642/568 576/641/568 575/644/568
f 577/639/569 579/638/569 580/641/569 578/640/569
f 579/641/570 577/638/570 575/643/570
o For_Ref
v 1.733663 -0.833251 -0.302570
v 1.900366 -1.792856 -0.357477
v 1.582527 -0.833447 -0.484419
v 1.630475 -1.793446 -0.345799
v 1.829478 -0.832857 -0.565750
v 1.831547 -1.792855 -0.566436
vn 0.9947 0.0858 0.0569
vn -0.7680 0.0538 0.6382
vn 0.0022 -1.0000 -0.0007
vn 0.0433 -0.0496 0.9978
vn -0.5572 -0.0739 -0.8271
vn -0.0022 1.0000 0.0007
vt 0.720067 0.279933
vt 0.279933 0.279933
vt 0.279933 0.720067
vt 0.720067 0.720067
vt 0.426644 0.720067
vt 0.279933 0.426644
vt 0.426644 0.279933
s 0
usemtl Advanced_Glass_With_Imperfections
f 585/645/571 581/646/571 582/647/571 586/648/571
f 584/649/572 581/650/572 583/645/572
f 582/647/573 584/651/573 586/648/573
f 584/649/574 582/648/574 581/651/574
f 583/646/575 585/645/575 586/648/575 584/647/575
f 585/648/576 583/645/576 581/650/576
o For_Ref
v 1.530454 -0.834108 0.287722
v 1.697157 -1.793713 0.232815
v 1.379318 -0.834304 0.105874
v 1.427266 -1.794303 0.244494
v 1.626269 -0.833714 0.024542
v 1.628338 -1.793712 0.023856
vn 0.9947 0.0858 0.0569
vn -0.7680 0.0538 0.6382
vn 0.0022 -1.0000 -0.0007
vn 0.0433 -0.0496 0.9978
vn -0.5572 -0.0739 -0.8271
vn -0.0022 1.0000 0.0007
vt 0.720067 0.279933
vt 0.279933 0.279933
vt 0.279933 0.720067
vt 0.720067 0.720067
vt 0.426644 0.720067
vt 0.279933 0.426644
vt 0.426644 0.279933
s 0
usemtl Advanced_Glass_With_Imperfections
f 591/652/577 587/653/577 588/654/577 592/655/577
f 590/656/578 587/657/578 589/652/578
f 588/654/579 590/658/579 592/655/579
f 590/656/580 588/655/580 587/658/580
f 589/653/581 591/652/581 592/655/581 590/654/581
f 591/655/582 589/652/582 587/657/582
o For_Ref
v 0.848025 -0.835155 -0.309502
v 1.014728 -1.794760 -0.364409
v 0.696888 -0.835351 -0.491350
v 0.744837 -1.795349 -0.352730
v 0.943840 -0.834760 -0.572682
v 0.945908 -1.794758 -0.573368
vn 0.9947 0.0858 0.0569
vn -0.7680 0.0538 0.6382
vn 0.0022 -1.0000 -0.0007
vn 0.0433 -0.0496 0.9978
vn -0.5572 -0.0739 -0.8271
vn -0.0022 1.0000 0.0007
vt 0.720067 0.279933
vt 0.279933 0.279933
vt 0.279933 0.720067
vt 0.720067 0.720067
vt 0.426644 0.720067
vt 0.279933 0.426644
vt 0.426644 0.279933
s 0
usemtl Advanced_Glass_With_Imperfections
f 597/659/583 593/660/583 594/661/583 598/662/583
f 596/663/584 593/664/584 595/659/584
f 594/661/585 596/665/585 598/662/585
f 596/663/586 594/662/586 593/665/586
f 595/660/587 597/659/587 598/662/587 596/661/587
f 597/662/588 595/659/588 593/664/588
o For_Ref
v 0.538521 -0.836275 0.328131
v 0.705224 -1.795879 0.273224
v 0.387385 -0.836470 0.146282
v 0.435333 -1.796469 0.284902
v 0.634336 -0.835880 0.064951
v 0.636405 -1.795878 0.064265
vn 0.9947 0.0858 0.0569
vn -0.7680 0.0538 0.6382
vn 0.0022 -1.0000 -0.0007
vn 0.0433 -0.0496 0.9978
vn -0.5572 -0.0739 -0.8271
vn -0.0022 1.0000 0.0007
vt 0.720067 0.279933
vt 0.279933 0.279933
vt 0.279933 0.720067
vt 0.720067 0.720067
vt 0.426644 0.720067
vt 0.279933 0.426644
vt 0.426644 0.279933
s 0
usemtl Advanced_Glass_With_Imperfections
f 603/666/589 599/667/589 600/668/589 604/669/589
f 602/670/590 599/671/590 601/666/590
f 600/668/591 602/672/591 604/669/591
f 602/670/592 600/669/592 599/672/592
f 601/667/593 603/666/593 604/669/593 602/668/593
f 603/669/594 601/666/594 599/671/594
o For_Ref
v 0.094685 -0.836640 -0.505435
v 0.261388 -1.796244 -0.560342
v -0.056451 -0.836835 -0.687284
v -0.008503 -1.796834 -0.548664
v 0.190500 -0.836245 -0.768615
v 0.192569 -1.796243 -0.769301
vn 0.9947 0.0858 0.0569
vn -0.7680 0.0538 0.6382
vn 0.0022 -1.0000 -0.0007
vn 0.0433 -0.0496 0.9978
vn -0.5572 -0.0739 -0.8271
vn -0.0022 1.0000 0.0007
vt 0.720067 0.279933
vt 0.279933 0.279933
vt 0.279933 0.720067
vt 0.720067 0.720067
vt 0.426644 0.720067
vt 0.279933 0.426644
vt 0.426644 0.279933
s 0
usemtl Advanced_Glass_With_Imperfections
f 609/673/595 605/674/595 606/675/595 610/676/595
f 608/677/596 605/678/596 607/673/596
f 606/675/597 608/679/597 610/676/597
f 608/677/598 606/676/598 605/679/598
f 607/674/599 609/673/599 610/676/599 608/675/599
f 609/676/600 607/673/600 605/678/600
o For_Ref
v 1.435238 -0.834306 0.277459
v 1.601941 -1.793911 0.222552
v 1.284102 -0.834502 0.095610
v 1.332050 -1.794501 0.234231
v 1.531053 -0.833912 0.014279
v 1.533122 -1.793910 0.013593
vn 0.9947 0.0858 0.0569
vn -0.7680 0.0538 0.6382
vn 0.0022 -1.0000 -0.0007
vn 0.0433 -0.0496 0.9978
vn -0.5572 -0.0739 -0.8271
vn -0.0022 1.0000 0.0007
vt 0.720067 0.279933
vt 0.279933 0.279933
vt 0.279933 0.720067
vt 0.720067 0.720067
vt 0.426644 0.720067
vt 0.279933 0.426644
vt 0.426644 0.279933
s 0
usemtl Advanced_Glass_With_Imperfections
f 615/680/601 611/681/601 612/682/601 616/683/601
f 614/684/602 611/685/602 613/680/602
f 612/682/603 614/686/603 616/683/603
f 614/684/604 612/683/604 611/686/604
f 613/681/605 615/680/605 616/683/605 614/682/605
f 615/683/606 613/680/606 611/685/606
o For_Ref
v 0.925201 -0.835480 0.383002
v 1.091904 -1.795085 0.328095
v 0.774065 -0.835676 0.201153
v 0.822013 -1.795675 0.339773
v 1.021016 -0.835086 0.119822
v 1.023085 -1.795084 0.119136
vn 0.9947 0.0858 0.0569
vn -0.7680 0.0538 0.6382
vn 0.0022 -1.0000 -0.0007
vn 0.0433 -0.0496 0.9978
vn -0.5572 -0.0739 -0.8271
vn -0.0022 1.0000 0.0007
vt 0.720067 0.279933
vt 0.279933 0.279933
vt 0.279933 0.720067
vt 0.720067 0.720067
vt 0.426644 0.720067
vt 0.279933 0.426644
vt 0.426644 0.279933
s 0
usemtl Advanced_Glass_With_Imperfections
f 621/687/607 617/688/607 618/689/607 622/690/607
f 620/691/608 617/692/608 619/687/608
f 618/689/609 620/693/609 622/690/609
f 620/691/610 618/690/610 617/693/610
f 619/688/611 621/687/611 622/690/611 620/689/611
f 621/690/612 619/687/612 617/692/612
o For_Ref
v 1.946566 -0.005628 -0.116406
v 2.212971 0.167625 0.805905
v 2.157923 -0.092294 -0.177463
v 2.283418 -0.092375 0.785533
v 2.157929 0.167706 -0.177442
v 2.424330 0.167625 0.744854
vn -0.3741 0.9272 0.0210
vn -0.3671 -0.9289 0.0478
vn 0.2775 -0.0001 0.9607
vn -0.9100 -0.2711 0.3138
vn 0.9425 -0.2707 -0.1959
vn -0.2775 0.0001 -0.9607
vt 0.720067 0.279933
vt 0.279933 0.279933
vt 0.279933 0.720067
vt 0.720067 0.720067
vt 0.426644 0.720067
vt 0.279933 0.426644
vt 0.426644 0.279933
s 0
usemtl Advanced_Glass_With_Imperfections
f 627/694/613 623/695/613 624/696/613 628/697/613
f 626/698/614 623/699/614 625/694/614
f 624/696/615 626/700/615 628/697/615
f 626/698/616 624/697/616 623/700/616
f 625/695/617 627/694/617 628/697/617 626/696/617
f 627/697/618 625/694/618 623/699/618
o For_Ref
v 1.218252 -0.713328 0.093902
v 1.484657 -0.540075 1.016212
v 1.429610 -0.799995 0.032845
v 1.555104 -0.800075 0.995841
v 1.429616 -0.539995 0.032866
v 1.696017 -0.540075 0.955162
vn -0.3741 0.9272 0.0210
vn -0.3671 -0.9289 0.0478
vn 0.2775 -0.0001 0.9607
vn -0.9100 -0.2711 0.3138
vn 0.9425 -0.2707 -0.1959
vn -0.2775 0.0001 -0.9607
vt 0.720067 0.279933
vt 0.279933 0.279933
vt 0.279933 0.720067
vt 0.720067 0.720067
vt 0.426644 0.720067
vt 0.279933 0.426644
vt 0.426644 0.279933
s 0
usemtl Advanced_Glass_With_Imperfections
f 633/701/619 629/702/619 630/703/619 634/704/619
f 632/705/620 629/706/620 631/701/620
f 630/703/621 632/707/621 634/704/621
f 632/705/622 630/704/622 629/707/622
f 631/702/623 633/701/623 634/704/623 632/703/623
f 633/704/624 631/701/624 629/706/624
o For_Ref
v 0.843215 -0.725570 0.202228
v 1.109620 -0.552317 1.124539
v 1.054573 -0.812236 0.141171
v 1.180067 -0.812317 1.104168
v 1.054579 -0.552236 0.141192
v 1.320980 -0.552317 1.063489
vn -0.3741 0.9272 0.0210
vn -0.3671 -0.9289 0.0478
vn 0.2775 -0.0001 0.9607
vn -0.9100 -0.2711 0.3138
vn 0.9425 -0.2707 -0.1959
vn -0.2775 0.0001 -0.9607
vt 0.720067 0.279933
vt 0.279933 0.279933
vt 0.279933 0.720067
vt 0.720067 0.720067
vt 0.426644 0.720067
vt 0.279933 0.426644
vt 0.426644 0.279933
s 0
usemtl Advanced_Glass_With_Imperfections
f 639/708/625 635/709/625 636/710/625 640/711/625
f 638/712/626 635/713/626 637/708/626
f 636/710/627 638/714/627 640/711/627
f 638/712/628 636/711/628 635/714/628
f 637/709/629 639/708/629 640/711/629 638/710/629
f 639/711/630 637/708/630 635/713/630
o For_Ref
v 1.654411 -0.878871 -0.032095
v 1.920816 -0.705619 0.890216
v 1.865769 -0.965538 -0.093152
v 1.991264 -0.965619 0.869844
v 1.865775 -0.705538 -0.093131
v 2.132176 -0.705619 0.829165
vn -0.3741 0.9272 0.0210
vn -0.3671 -0.9289 0.0478
vn 0.2775 -0.0001 0.9607
vn -0.9100 -0.2711 0.3138
vn 0.9425 -0.2707 -0.1959
vn -0.2775 0.0001 -0.9607
vt 0.720067 0.279933
vt 0.279933 0.279933
vt 0.279933 0.720067
vt 0.720067 0.720067
vt 0.426644 0.720067
vt 0.279933 0.426644
vt 0.426644 0.279933
s 0
usemtl Advanced_Glass_With_Imperfections
f 645/715/631 641/716/631 642/717/631 646/718/631
f 644/719/632 641/720/632 643/715/632
f 642/717/633 644/721/633 646/718/633
f 644/719/634 642/718/634 641/721/634
f 643/716/635 645/715/635 646/718/635 644/717/635
f 645/718/636 643/715/636 641/720/636
o For_Ref
v 0.802217 -0.212029 0.214116
v 1.068621 -0.038776 1.136426
v 1.013574 -0.298695 0.153058
v 1.139069 -0.298776 1.116055
v 1.013580 -0.038695 0.153079
v 1.279981 -0.038776 1.075376
vn -0.3741 0.9272 0.0210
vn -0.3671 -0.9289 0.0478
vn 0.2775 -0.0001 0.9607
vn -0.9100 -0.2711 0.3138
vn 0.9425 -0.2707 -0.1959
vn -0.2775 0.0001 -0.9607
vt 0.720067 0.279933
vt 0.279933 0.279933
vt 0.279933 0.720067
vt 0.720067 0.720067
vt 0.426644 0.720067
vt 0.279933 0.426644
vt 0.426644 0.279933
s 0
usemtl Advanced_Glass_With_Imperfections
f 651/722/637 647/723/637 648/724/637 652/725/637
f 650/726/638 647/727/638 649/722/638
f 648/724/639 650/728/639 652/725/639
f 650/726/640 648/725/640 647/728/640
f 649/723/641 651/722/641 652/725/641 650/724/641
f 651/725/642 649/722/642 647/727/642
o For_Ref
v 0.416885 -0.743091 0.325370
v 0.683290 -0.569838 1.247681
v 0.628242 -0.829757 0.264313
v 0.753737 -0.829838 1.227310
v 0.628248 -0.569757 0.264334
v 0.894649 -0.569838 1.186631
vn -0.3741 0.9272 0.0210
vn -0.3671 -0.9289 0.0478
vn 0.2775 -0.0001 0.9607
vn -0.9100 -0.2711 0.3138
vn 0.9425 -0.2707 -0.1959
vn -0.2775 0.0001 -0.9607
vt 0.720067 0.279933
vt 0.279933 0.279933
vt 0.279933 0.720067
vt 0.720067 0.720067
vt 0.426644 0.720067
vt 0.279933 0.426644
vt 0.426644 0.279933
s 0
usemtl Advanced_Glass_With_Imperfections
f 657/729/643 653/730/643 654/731/643 658/732/643
f 656/733/644 653/734/644 655/729/644
f 654/731/645 656/735/645 658/732/645
f 656/733/646 654/732/646 653/735/646
f 655/730/647 657/729/647 658/732/647 656/731/647
f 657/732/648 655/729/648 653/734/648
o For_Ref
v 0.170521 -0.678490 0.396537
v 0.436926 -0.505237 1.318848
v 0.381878 -0.765157 0.335480
v 0.507373 -0.765237 1.298476
v 0.381884 -0.505157 0.335501
v 0.648285 -0.505237 1.257797
vn -0.3741 0.9272 0.0210
vn -0.3671 -0.9289 0.0478
vn 0.2775 -0.0001 0.9607
vn -0.9100 -0.2711 0.3138
vn 0.9425 -0.2707 -0.1959
vn -0.2775 0.0001 -0.9607
vt 0.720067 0.279933
vt 0.279933 0.279933
vt 0.279933 0.720067
vt 0.720067 0.720067
vt 0.426644 0.720067
vt 0.279933 0.426644
vt 0.426644 0.279933
s 0
usemtl Advanced_Glass_With_Imperfections
f 663/736/649 659/737/649 660/738/649 664/739/649
f 662/740/650 659/741/650 661/736/650
f 660/738/651 662/742/651 664/739/651
f 662/740/652 660/739/652 659/742/652
f 661/737/653 663/736/653 664/739/653 662/738/653
f 663/739/654 661/736/654 659/741/654
o For_Ref
v 0.122339 -0.616709 0.410460
v 0.388744 -0.443456 1.332770
v 0.333696 -0.703375 0.349402
v 0.459191 -0.703456 1.312399
v 0.333702 -0.443375 0.349423
v 0.600103 -0.443456 1.271720
vn -0.3741 0.9272 0.0210
vn -0.3671 -0.9289 0.0478
vn 0.2775 -0.0001 0.9607
vn -0.9100 -0.2711 0.3138
vn 0.9425 -0.2707 -0.1959
vn -0.2775 0.0001 -0.9607
vt 0.720067 0.279933
vt 0.279933 0.279933
vt 0.279933 0.720067
vt 0.720067 0.720067
vt 0.426644 0.720067
vt 0.279933 0.426644
vt 0.426644 0.279933
s 0
usemtl Advanced_Glass_With_Imperfections
f 669/743/655 665/744/655 666/745/655 670/746/655
f 668/747/656 665/748/656 667/743/656
f 666/745/657 668/749/657 670/746/657
f 668/747/658 666/746/658 665/749/658
f 667/744/659 669/743/659 670/746/659 668/745/659
f 669/746/660 667/743/660 665/748/660
o For_Ref
v 0.503620 -1.054760 0.123547
v -0.419052 -0.883604 0.390056
v 0.564859 -1.141426 0.334852
v -0.398136 -1.143603 0.460346
v 0.564292 -0.881427 0.335016
v -0.358002 -0.883604 0.601416
vn -0.0230 0.9273 -0.3735
vn -0.0458 -0.9288 -0.3677
vn -0.9607 -0.0023 0.2775
vn -0.3132 -0.2712 -0.9101
vn 0.1965 -0.2709 0.9423
vn 0.9607 0.0023 -0.2775
vt 0.720067 0.279933
vt 0.279933 0.279933
vt 0.279933 0.720067
vt 0.720067 0.720067
vt 0.426644 0.720067
vt 0.279933 0.426644
vt 0.426644 0.279933
s 0
usemtl Advanced_Glass_With_Imperfections
f 675/750/661 671/751/661 672/752/661 676/753/661
f 674/754/662 671/755/662 673/750/662
f 672/752/663 674/756/663 676/753/663
f 674/754/664 672/753/664 671/756/664
f 673/751/665 675/750/665 676/753/665 674/752/665
f 675/753/666 673/750/666 671/755/666
o For_Ref
v 0.356553 -0.524925 -0.381279
v -0.566119 -0.353769 -0.114770
v 0.417792 -0.611591 -0.169974
v -0.545203 -0.613768 -0.044481
v 0.417225 -0.351592 -0.169810
v -0.505069 -0.353769 0.096589
vn -0.0230 0.9273 -0.3735
vn -0.0458 -0.9288 -0.3677
vn -0.9607 -0.0023 0.2775
vn -0.3132 -0.2712 -0.9101
vn 0.1965 -0.2709 0.9423
vn 0.9607 0.0023 -0.2775
vt 0.720067 0.279933
vt 0.279933 0.279933
vt 0.279933 0.720067
vt 0.720067 0.720067
vt 0.426644 0.720067
vt 0.279933 0.426644
vt 0.426644 0.279933
s 0
usemtl Advanced_Glass_With_Imperfections
f 681/757/667 677/758/667 678/759/667 682/760/667
f 680/761/668 677/762/668 679/757/668
f 678/759/669 680/763/669 682/760/669
f 680/761/670 678/760/670 677/763/670
f 679/758/671 681/757/671 682/760/671 680/759/671
f 681/760/672 679/757/672 677/762/672
o For_Ref
v 0.570603 -1.194523 0.354307
v -0.352068 -1.023367 0.620817
v 0.631842 -1.281189 0.565613
v -0.331152 -1.283366 0.691106
v 0.631276 -1.021190 0.565776
v -0.291018 -1.023367 0.832176
vn -0.0230 0.9273 -0.3735
vn -0.0458 -0.9288 -0.3677
vn -0.9607 -0.0023 0.2775
vn -0.3132 -0.2712 -0.9101
vn 0.1965 -0.2709 0.9423
vn 0.9607 0.0023 -0.2775
vt 0.720067 0.279933
vt 0.279933 0.279933
vt 0.279933 0.720067
vt 0.720067 0.720067
vt 0.426644 0.720067
vt 0.279933 0.426644
vt 0.426644 0.279933
s 0
usemtl Advanced_Glass_With_Imperfections
f 687/764/673 683/765/673 684/766/673 688/767/673
f 686/768/674 683/769/674 685/764/674
f 684/766/675 686/770/675 688/767/675
f 686/768/676 684/767/676 683/770/676
f 685/765/677 687/764/677 688/767/677 686/766/677
f 687/767/678 685/764/678 683/769/678
o For_Ref
v 0.134182 -0.759794 -1.153060
v -0.788490 -0.588638 -0.886551
v 0.195421 -0.846460 -0.941755
v -0.767573 -0.848637 -0.816262
v 0.194855 -0.586461 -0.941592
v -0.727440 -0.588638 -0.675192
vn -0.0230 0.9273 -0.3735
vn -0.0458 -0.9288 -0.3677
vn -0.9607 -0.0023 0.2775
vn -0.3132 -0.2712 -0.9101
vn 0.1965 -0.2709 0.9423
vn 0.9607 0.0023 -0.2775
vt 0.720067 0.279933
vt 0.279933 0.279933
vt 0.279933 0.720067
vt 0.720067 0.720067
vt 0.426644 0.720067
vt 0.279933 0.426644
vt 0.426644 0.279933
s 0
usemtl Advanced_Glass_With_Imperfections
f 693/771/679 689/772/679 690/773/679 694/774/679
f 692/775/680 689/776/680 691/771/680
f 690/773/681 692/777/681 694/774/681
f 692/775/682 690/774/682 689/777/682
f 691/772/683 693/771/683 694/774/683 692/773/683
f 693/774/684 691/771/684 689/776/684
o For_Ref
v 0.213245 0.222590 -0.871312
v -0.709427 0.393746 -0.604803
v 0.274484 0.135924 -0.660007
v -0.688510 0.133747 -0.534514
v 0.273918 0.395923 -0.659844
v -0.648377 0.393746 -0.393444
vn -0.0230 0.9273 -0.3735
vn -0.0458 -0.9288 -0.3677
vn -0.9607 -0.0023 0.2775
vn -0.3132 -0.2712 -0.9101
vn 0.1965 -0.2709 0.9423
vn 0.9607 0.0023 -0.2775
vt 0.720067 0.279933
vt 0.279933 0.279933
vt 0.279933 0.720067
vt 0.720067 0.720067
vt 0.426644 0.720067
vt 0.279933 0.426644
vt 0.426644 0.279933
s 0
usemtl Advanced_Glass_With_Imperfections
f 699/778/685 695/779/685 696/780/685 700/781/685
f 698/782/686 695/783/686 697/778/686
f 696/780/687 698/784/687 700/781/687
f 698/782/688 696/781/688 695/784/688
f 697/779/689 699/778/689 700/781/689 698/780/689
f 699/781/690 697/778/690 695/783/690
o For_Ref
v 0.609626 -0.486459 0.495191
v -0.313046 -0.315303 0.761700
v 0.670865 -0.573125 0.706496
v -0.292129 -0.575302 0.831990
v 0.670298 -0.313126 0.706660
v -0.251996 -0.315303 0.973060
vn -0.0230 0.9273 -0.3735
vn -0.0458 -0.9288 -0.3677
vn -0.9607 -0.0023 0.2775
vn -0.3132 -0.2712 -0.9101
vn 0.1965 -0.2709 0.9423
vn 0.9607 0.0023 -0.2775
vt 0.720067 0.279933
vt 0.279933 0.279933
vt 0.279933 0.720067
vt 0.720067 0.720067
vt 0.426644 0.720067
vt 0.279933 0.426644
vt 0.426644 0.279933
s 0
usemtl Advanced_Glass_With_Imperfections
f 705/785/691 701/786/691 702/787/691 706/788/691
f 704/789/692 701/790/692 703/785/692
f 702/787/693 704/791/693 706/788/693
f 704/789/694 702/788/694 701/791/694
f 703/786/695 705/785/695 706/788/695 704/787/695
f 705/788/696 703/785/696 701/790/696
o For_Ref
v 0.194513 0.026200 -0.937767
v -0.728158 0.197356 -0.671258
v 0.255752 -0.060466 -0.726462
v -0.707242 -0.062643 -0.600969
v 0.255186 0.199533 -0.726299
v -0.667108 0.197356 -0.459899
vn -0.0230 0.9273 -0.3735
vn -0.0458 -0.9288 -0.3677
vn -0.9607 -0.0023 0.2775
vn -0.3132 -0.2712 -0.9101
vn 0.1965 -0.2709 0.9423
vn 0.9607 0.0023 -0.2775
vt 0.720067 0.279933
vt 0.279933 0.279933
vt 0.279933 0.720067
vt 0.720067 0.720067
vt 0.426644 0.720067
vt 0.279933 0.426644
vt 0.426644 0.279933
s 0
usemtl Advanced_Glass_With_Imperfections
f 711/792/697 707/793/697 708/794/697 712/795/697
f 710/796/698 707/797/698 709/792/698
f 708/794/699 710/798/699 712/795/699
f 710/796/700 708/795/700 707/798/700
f 709/793/701 711/792/701 712/795/701 710/794/701
f 711/795/702 709/792/702 707/797/702
o For_Ref
v 0.576930 -0.028174 0.385739
v -0.345742 0.142982 0.652248
v 0.638169 -0.114840 0.597044
v -0.324826 -0.117017 0.722538
v 0.637602 0.145159 0.597208
v -0.284692 0.142982 0.863608
vn -0.0230 0.9273 -0.3735
vn -0.0458 -0.9288 -0.3677
vn -0.9607 -0.0023 0.2775
vn -0.3132 -0.2712 -0.9101
vn 0.1965 -0.2709 0.9423
vn 0.9607 0.0023 -0.2775
vt 0.720067 0.279933
vt 0.279933 0.279933
vt 0.279933 0.720067
vt 0.720067 0.720067
vt 0.426644 0.720067
vt 0.279933 0.426644
vt 0.426644 0.279933
s 0
usemtl Advanced_Glass_With_Imperfections
f 717/799/703 713/800/703 714/801/703 718/802/703
f 716/803/704 713/804/704 715/799/704
f 714/801/705 716/805/705 718/802/705
f 716/803/706 714/802/706 713/805/706
f 715/800/707 717/799/707 718/802/707 716/801/707
f 717/802/708 715/799/708 713/804/708
o For_Ref
v 1.423523 -1.014997 -1.448121
v 2.345439 -0.839488 -1.714412
v 1.362661 -1.101664 -1.659536
v 2.325655 -1.099487 -1.785029
v 1.362095 -0.841664 -1.659372
v 2.284389 -0.839488 -1.925772
vn 0.0189 0.9270 0.3747
vn 0.0499 -0.9291 0.3665
vn 0.9607 0.0023 -0.2775
vn 0.3144 -0.2710 0.9098
vn -0.1953 -0.2706 -0.9427
vn -0.9607 -0.0023 0.2775
vt 0.720067 0.279933
vt 0.279933 0.279933
vt 0.279933 0.720067
vt 0.720067 0.720067
vt 0.426644 0.720067
vt 0.279933 0.426644
vt 0.426644 0.279933
s 0
usemtl Advanced_Glass_With_Imperfections
f 723/806/709 719/807/709 720/808/709 724/809/709
f 722/810/710 719/811/710 721/806/710
f 720/808/711 722/812/711 724/809/711
f 722/810/712 720/809/712 719/812/712
f 721/807/713 723/806/713 724/809/713 722/808/713
f 723/809/714 721/806/714 719/811/714
o For_Ref
v 1.611927 -0.569836 -0.792215
v 2.533844 -0.394327 -1.058505
v 1.551066 -0.656503 -1.003629
v 2.514060 -0.654326 -1.129122
v 1.550500 -0.396504 -1.003465
v 2.472794 -0.394327 -1.269865
vn 0.0189 0.9270 0.3747
vn 0.0499 -0.9291 0.3665
vn 0.9607 0.0023 -0.2775
vn 0.3144 -0.2710 0.9098
vn -0.1953 -0.2706 -0.9427
vn -0.9607 -0.0023 0.2775
vt 0.720067 0.279933
vt 0.279933 0.279933
vt 0.279933 0.720067
vt 0.720067 0.720067
vt 0.426644 0.720067
vt 0.279933 0.426644
vt 0.426644 0.279933
s 0
usemtl Advanced_Glass_With_Imperfections
f 729/813/715 725/814/715 726/815/715 730/816/715
f 728/817/716 725/818/716 727/813/716
f 726/815/717 728/819/717 730/816/717
f 728/817/718 726/816/718 725/819/718
f 727/814/719 729/813/719 730/816/719 728/815/719
f 729/816/720 727/813/720 725/818/720
o For_Ref
v 1.435975 -0.386868 -1.399878
v 2.357892 -0.211358 -1.666169
v 1.375114 -0.473534 -1.611292
v 2.338108 -0.471357 -1.736786
v 1.374547 -0.213535 -1.611129
v 2.296841 -0.211358 -1.877528
vn 0.0189 0.9270 0.3747
vn 0.0499 -0.9291 0.3665
vn 0.9607 0.0023 -0.2775
vn 0.3144 -0.2710 0.9098
vn -0.1953 -0.2706 -0.9427
vn -0.9607 -0.0023 0.2775
vt 0.720067 0.279933
vt 0.279933 0.279933
vt 0.279933 0.720067
vt 0.720067 0.720067
vt 0.426644 0.720067
vt 0.279933 0.426644
vt 0.426644 0.279933
s 0
usemtl Advanced_Glass_With_Imperfections
f 735/820/721 731/821/721 732/822/721 736/823/721
f 734/824/722 731/825/722 733/820/722
f 732/822/723 734/826/723 736/823/723
f 734/824/724 732/823/724 731/826/724
f 733/821/725 735/820/725 736/823/725 734/822/725
f 735/823/726 733/820/726 731/825/726
o For_Ref
v 1.424803 -0.785161 -1.441810
v 2.346720 -0.609651 -1.708100
v 1.363942 -0.871827 -1.653224
v 2.326936 -0.869650 -1.778717
v 1.363376 -0.611828 -1.653060
v 2.285670 -0.609651 -1.919460
vn 0.0189 0.9270 0.3747
vn 0.0499 -0.9291 0.3665
vn 0.9607 0.0023 -0.2775
vn 0.3144 -0.2710 0.9098
vn -0.1953 -0.2706 -0.9427
vn -0.9607 -0.0023 0.2775
vt 0.720067 0.279933
vt 0.279933 0.279933
vt 0.279933 0.720067
vt 0.720067 0.720067
vt 0.426644 0.720067
vt 0.279933 0.426644
vt 0.426644 0.279933
s 0
usemtl Advanced_Glass_With_Imperfections
f 741/827/727 737/828/727 738/829/727 742/830/727
f 740/831/728 737/832/728 739/827/728
f 738/829/729 740/833/729 742/830/729
f 740/831/730 738/830/730 737/833/730
f 739/828/731 741/827/731 742/830/731 740/829/731
f 741/830/732 739/827/732 737/832/732
o For_Ref
v 1.913998 -1.131129 0.248987
v 2.835914 -0.955619 -0.017304
v 1.853136 -1.217795 0.037573
v 2.816131 -1.215618 -0.087921
v 1.852570 -0.957796 0.037736
v 2.774864 -0.955619 -0.228663
vn 0.0189 0.9270 0.3747
vn 0.0499 -0.9291 0.3665
vn 0.9607 0.0023 -0.2775
vn 0.3144 -0.2710 0.9098
vn -0.1953 -0.2706 -0.9427
vn -0.9607 -0.0023 0.2775
vt 0.720067 0.279933
vt 0.279933 0.279933
vt 0.279933 0.720067
vt 0.720067 0.720067
vt 0.426644 0.720067
vt 0.279933 0.426644
vt 0.426644 0.279933
s 0
usemtl Advanced_Glass_With_Imperfections
f 747/834/733 743/835/733 744/836/733 748/837/733
f 746/838/734 743/839/734 745/834/734
f 744/836/735 746/840/735 748/837/735
f 746/838/736 744/837/736 743/840/736
f 745/835/737 747/834/737 748/837/737 746/836/737
f 747/837/738 745/834/738 743/839/738
o For_Ref
v 1.691490 -0.816136 -0.518774
v 2.613407 -0.640626 -0.785065
v 1.630629 -0.902802 -0.730189
v 2.593623 -0.900626 -0.855682
v 1.630063 -0.642803 -0.730025
v 2.552357 -0.640626 -0.996425
vn 0.0189 0.9270 0.3747
vn 0.0499 -0.9291 0.3665
vn 0.9607 0.0023 -0.2775
vn 0.3144 -0.2710 0.9098
vn -0.1953 -0.2706 -0.9427
vn -0.9607 -0.0023 0.2775
vt 0.720067 0.279933
vt 0.279933 0.279933
vt 0.279933 0.720067
vt 0.720067 0.720067
vt 0.426644 0.720067
vt 0.279933 0.426644
vt 0.426644 0.279933
s 0
usemtl Advanced_Glass_With_Imperfections
f 753/841/739 749/842/739 750/843/739 754/844/739
f 752/845/740 749/846/740 751/841/740
f 750/843/741 752/847/741 754/844/741
f 752/845/742 750/844/742 749/847/742
f 751/842/743 753/841/743 754/844/743 752/843/743
f 753/844/744 751/841/744 749/846/744
o For_Ref
v 1.737840 -0.339699 -0.354417
v 2.659756 -0.164190 -0.620708
v 1.676978 -0.426366 -0.565831
v 2.639973 -0.424189 -0.691325
v 1.676412 -0.166367 -0.565668
v 2.598706 -0.164190 -0.832068
vn 0.0189 0.9270 0.3747
vn 0.0499 -0.9291 0.3665
vn 0.9607 0.0023 -0.2775
vn 0.3144 -0.2710 0.9098
vn -0.1953 -0.2706 -0.9427
vn -0.9607 -0.0023 0.2775
vt 0.720067 0.279933
vt 0.279933 0.279933
vt 0.279933 0.720067
vt 0.720067 0.720067
vt 0.426644 0.720067
vt 0.279933 0.426644
vt 0.426644 0.279933
s 0
usemtl Advanced_Glass_With_Imperfections
f 759/848/745 755/849/745 756/850/745 760/851/745
f 758/852/746 755/853/746 757/848/746
f 756/850/747 758/854/747 760/851/747
f 758/852/748 756/851/748 755/854/748
f 757/849/749 759/848/749 760/851/749 758/850/749
f 759/851/750 757/848/750 755/853/750
o For_Ref
v 1.673046 -1.063534 -0.584652
v 2.594962 -0.888024 -0.850943
v 1.612184 -1.150200 -0.796066
v 2.575179 -1.148024 -0.921560
v 1.611618 -0.890201 -0.795903
v 2.533912 -0.888024 -1.062302
vn 0.0189 0.9270 0.3747
vn 0.0499 -0.9291 0.3665
vn 0.9607 0.0023 -0.2775
vn 0.3144 -0.2710 0.9098
vn -0.1953 -0.2706 -0.9427
vn -0.9607 -0.0023 0.2775
vt 0.720067 0.279933
vt 0.279933 0.279933
vt 0.279933 0.720067
vt 0.720067 0.720067
vt 0.426644 0.720067
vt 0.279933 0.426644
vt 0.426644 0.279933
s 0
usemtl Advanced_Glass_With_Imperfections
f 765/855/751 761/856/751 762/857/751 766/858/751
f 764/859/752 761/860/752 763/855/752
f 762/857/753 764/861/753 766/858/753
f 764/859/754 762/858/754 761/861/754
f 763/856/755 765/855/755 766/858/755 764/857/755
f 765/858/756 763/855/756 761/860/756
o For_Ref
v 1.080395 -1.923952 -0.669264
v 1.991558 -1.745758 -0.968719
v 1.012123 -2.010617 -0.878403
v 1.969913 -2.005754 -1.038797
v 1.010872 -1.750621 -0.877992
v 1.922869 -1.745758 -1.177721
vn 0.0301 0.9267 0.3746
vn 0.0656 -0.9292 0.3636
vn 0.9500 0.0051 -0.3122
vn 0.3479 -0.2709 0.8975
vn -0.2287 -0.2704 -0.9352
vn -0.9500 -0.0051 0.3122
vt 0.720067 0.279933
vt 0.279933 0.279933
vt 0.279933 0.720067
vt 0.720067 0.720067
vt 0.426644 0.720067
vt 0.279933 0.426644
vt 0.426644 0.279933
s 0
usemtl Advanced_Glass_With_Imperfections
f 771/862/757 767/863/757 768/864/757 772/865/757
f 770/866/758 767/867/758 769/862/758
f 768/864/759 770/868/759 772/865/759
f 770/866/760 768/865/760 767/868/760
f 769/863/761 771/862/761 772/865/761 770/864/761
f 771/865/762 769/862/762 767/867/762
o For_Ref
v 1.231989 -1.154692 -0.195523
v 2.143152 -0.976498 -0.494977
v 1.163717 -1.241358 -0.404662
v 2.121507 -1.236495 -0.565056
v 1.162466 -0.981361 -0.404251
v 2.074463 -0.976498 -0.703980
vn 0.0301 0.9267 0.3746
vn 0.0656 -0.9292 0.3636
vn 0.9500 0.0051 -0.3122
vn 0.3479 -0.2709 0.8975
vn -0.2287 -0.2704 -0.9352
vn -0.9500 -0.0051 0.3122
vt 0.720067 0.279933
vt 0.279933 0.279933
vt 0.279933 0.720067
vt 0.720067 0.720067
vt 0.426644 0.720067
vt 0.279933 0.426644
vt 0.426644 0.279933
s 0
usemtl Advanced_Glass_With_Imperfections
f 777/869/763 773/870/763 774/871/763 778/872/763
f 776/873/764 773/874/764 775/869/764
f 774/871/765 776/875/765 778/872/765
f 776/873/766 774/872/766 773/875/766
f 775/870/767 777/869/767 778/872/767 776/871/767
f 777/872/768 775/869/768 773/874/768
o For_Ref
v 0.785231 -1.386565 -1.558653
v 1.696394 -1.208370 -1.858108
v 0.716959 -1.473230 -1.767793
v 1.674749 -1.468367 -1.928187
v 0.715708 -1.213234 -1.767381
v 1.627705 -1.208370 -2.067110
vn 0.0301 0.9267 0.3746
vn 0.0656 -0.9292 0.3636
vn 0.9500 0.0051 -0.3122
vn 0.3479 -0.2709 0.8975
vn -0.2287 -0.2704 -0.9352
vn -0.9500 -0.0051 0.3122
vt 0.720067 0.279933
vt 0.279933 0.279933
vt 0.279933 0.720067
vt 0.720067 0.720067
vt 0.426644 0.720067
vt 0.279933 0.426644
vt 0.426644 0.279933
s 0
usemtl Advanced_Glass_With_Imperfections
f 783/876/769 779/877/769 780/878/769 784/879/769
f 782/880/770 779/881/770 781/876/770
f 780/878/771 782/882/771 784/879/771
f 782/880/772 780/879/772 779/882/772
f 781/877/773 783/876/773 784/879/773 782/878/773
f 783/879/774 781/876/774 779/881/774
o For_Ref
v 0.939453 -1.774007 -1.095680
v 1.850616 -1.595812 -1.395135
v 0.871182 -1.860672 -1.304819
v 1.828971 -1.855809 -1.465213
v 0.869930 -1.600676 -1.304408
v 1.781928 -1.595812 -1.604137
vn 0.0301 0.9267 0.3746
vn 0.0656 -0.9292 0.3636
vn 0.9500 0.0051 -0.3122
vn 0.3479 -0.2709 0.8975
vn -0.2287 -0.2704 -0.9352
vn -0.9500 -0.0051 0.3122
vt 0.720067 0.279933
vt 0.279933 0.279933
vt 0.279933 0.720067
vt 0.720067 0.720067
vt 0.426644 0.720067
vt 0.279933 0.426644
vt 0.426644 0.279933
s 0
usemtl Advanced_Glass_With_Imperfections
f 789/883/775 785/884/775 786/885/775 790/886/775
f 788/887/776 785/888/776 787/883/776
f 786/885/777 788/889/777 790/886/777
f 788/887/778 786/886/778 785/889/778
f 787/884/779 789/883/779 790/886/779 788/885/779
f 789/886/780 787/883/780 785/888/780
o For_Ref
v 1.144787 -0.407980 -0.448739
v 2.055950 -0.229786 -0.748194
v 1.076516 -0.494645 -0.657878
v 2.034305 -0.489782 -0.818272
v 1.075264 -0.234649 -0.657467
v 1.987262 -0.229786 -0.957196
vn 0.0301 0.9267 0.3746
vn 0.0656 -0.9292 0.3636
vn 0.9500 0.0051 -0.3122
vn 0.3479 -0.2709 0.8975
vn -0.2287 -0.2704 -0.9352
vn -0.9500 -0.0051 0.3122
vt 0.720067 0.279933
vt 0.279933 0.279933
vt 0.279933 0.720067
vt 0.720067 0.720067
vt 0.426644 0.720067
vt 0.279933 0.426644
vt 0.426644 0.279933
s 0
usemtl Advanced_Glass_With_Imperfections
f 795/890/781 791/891/781 792/892/781 796/893/781
f 794/894/782 791/895/782 793/890/782
f 792/892/783 794/896/783 796/893/783
f 794/894/784 792/893/784 791/896/784
f 793/891/785 795/890/785 796/893/785 794/892/785
f 795/893/786 793/890/786 791/895/786
o For_Ref
v 0.937775 -0.853888 -1.085857
v 1.848938 -0.675694 -1.385312
v 0.869504 -0.940554 -1.294996
v 1.827293 -0.935691 -1.455391
v 0.868252 -0.680557 -1.294585
v 1.780250 -0.675694 -1.594314
vn 0.0301 0.9267 0.3746
vn 0.0656 -0.9292 0.3636
vn 0.9500 0.0051 -0.3122
vn 0.3479 -0.2709 0.8975
vn -0.2287 -0.2704 -0.9352
vn -0.9500 -0.0051 0.3122
vt 0.720067 0.279933
vt 0.279933 0.279933
vt 0.279933 0.720067
vt 0.720067 0.720067
vt 0.426644 0.720067
vt 0.279933 0.426644
vt 0.426644 0.279933
s 0
usemtl Advanced_Glass_With_Imperfections
f 801/897/787 797/898/787 798/899/787 802/900/787
f 800/901/788 797/902/788 799/897/788
f 798/899/789 800/903/789 802/900/789
f 800/901/790 798/900/790 797/903/790
f 799/898/791 801/897/791 802/900/791 800/899/791
f 801/900/792 799/897/792 797/902/792
o For_Ref
v 0.814842 -0.241131 -1.449970
v 1.726005 -0.062936 -1.749425
v 0.746570 -0.327796 -1.659110
v 1.704360 -0.322933 -1.819504
v 0.745319 -0.067800 -1.658698
v 1.657316 -0.062936 -1.958427
vn 0.0301 0.9267 0.3746
vn 0.0656 -0.9292 0.3636
vn 0.9500 0.0051 -0.3122
vn 0.3479 -0.2709 0.8975
vn -0.2287 -0.2704 -0.9352
vn -0.9500 -0.0051 0.3122
vt 0.720067 0.279933
vt 0.279933 0.279933
vt 0.279933 0.720067
vt 0.720067 0.720067
vt 0.426644 0.720067
vt 0.279933 0.426644
vt 0.426644 0.279933
s 0
usemtl Advanced_Glass_With_Imperfections
f 807/904/793 803/905/793 804/906/793 808/907/793
f 806/908/794 803/909/794 805/904/794
f 804/906/795 806/910/795 808/907/795
f 806/908/796 804/907/796 803/910/796
f 805/905/797 807/904/797 808/907/797 806/906/797
f 807/907/798 805/904/798 803/909/798
o For_Ref
v 0.696526 -1.210869 -1.825709
v 1.607689 -1.032675 -2.125164
v 0.628254 -1.297535 -2.034848
v 1.586044 -1.292672 -2.195242
v 0.627003 -1.037538 -2.034437
v 1.539000 -1.032675 -2.334166
vn 0.0301 0.9267 0.3746
vn 0.0656 -0.9292 0.3636
vn 0.9500 0.0051 -0.3122
vn 0.3479 -0.2709 0.8975
vn -0.2287 -0.2704 -0.9352
vn -0.9500 -0.0051 0.3122
vt 0.720067 0.279933
vt 0.279933 0.279933
vt 0.279933 0.720067
vt 0.720067 0.720067
vt 0.426644 0.720067
vt 0.279933 0.426644
vt 0.426644 0.279933
s 0
usemtl Advanced_Glass_With_Imperfections
f 813/911/799 809/912/799 810/913/799 814/914/799
f 812/915/800 809/916/800 811/911/800
f 810/913/801 812/917/801 814/914/801
f 812/915/802 810/914/802 809/917/802
f 811/912/803 813/911/803 814/914/803 812/913/803
f 813/914/804 811/911/804 809/916/804
o For_Ref
v 0.695148 -0.893468 -1.630994
v 0.430346 -0.405418 -2.433073
v 0.477042 -0.975019 -1.589880
v 0.333120 -0.650070 -2.493654
v 0.504632 -0.730367 -1.506310
v 0.221437 -0.405418 -2.364103
vn 0.4699 0.8441 0.2583
vn 0.2654 -0.8930 -0.3634
vn -0.2950 0.3385 -0.8935
vn 0.8696 -0.2386 -0.4323
vn -0.9618 -0.2299 0.1484
vn 0.2950 -0.3385 0.8935
vt 0.720067 0.279933
vt 0.279933 0.279933
vt 0.279933 0.720067
vt 0.720067 0.720067
vt 0.426644 0.720067
vt 0.279933 0.426644
vt 0.426644 0.279933
s 0
usemtl Advanced_Glass_With_Imperfections
f 819/918/805 815/919/805 816/920/805 820/921/805
f 818/922/806 815/923/806 817/918/806
f 816/920/807 818/924/807 820/921/807
f 818/922/808 816/921/808 815/924/808
f 817/919/809 819/918/809 820/921/809 818/920/809
f 819/921/810 817/918/810 815/923/810
o For_Ref
v 1.061928 -0.890592 -1.750994
v 0.797127 -0.402542 -2.553074
v 0.843822 -0.972143 -1.709881
v 0.699900 -0.647194 -2.613654
v 0.871412 -0.727490 -1.626311
v 0.588217 -0.402542 -2.484104
vn 0.4699 0.8441 0.2583
vn 0.2654 -0.8930 -0.3634
vn -0.2950 0.3385 -0.8935
vn 0.8696 -0.2386 -0.4323
vn -0.9618 -0.2299 0.1484
vn 0.2950 -0.3385 0.8935
vt 0.720067 0.279933
vt 0.279933 0.279933
vt 0.279933 0.720067
vt 0.720067 0.720067
vt 0.426644 0.720067
vt 0.279933 0.426644
vt 0.426644 0.279933
s 0
usemtl Advanced_Glass_With_Imperfections
f 825/925/811 821/926/811 822/927/811 826/928/811
f 824/929/812 821/930/812 823/925/812
f 822/927/813 824/931/813 826/928/813
f 824/929/814 822/928/814 821/931/814
f 823/926/815 825/925/815 826/928/815 824/927/815
f 825/928/816 823/925/816 821/930/816
o For_Ref
v -0.035094 -1.557171 -1.641332
v -0.299895 -1.069120 -2.443412
v -0.253200 -1.638721 -1.600219
v -0.397122 -1.313773 -2.503992
v -0.225610 -1.394069 -1.516649
v -0.508805 -1.069120 -2.374442
vn 0.4699 0.8441 0.2583
vn 0.2654 -0.8930 -0.3634
vn -0.2950 0.3385 -0.8935
vn 0.8696 -0.2386 -0.4323
vn -0.9618 -0.2299 0.1484
vn 0.2950 -0.3385 0.8935
vt 0.720067 0.279933
vt 0.279933 0.279933
vt 0.279933 0.720067
vt 0.720067 0.720067
vt 0.426644 0.720067
vt 0.279933 0.426644
vt 0.426644 0.279933
s 0
usemtl Advanced_Glass_With_Imperfections
f 831/932/817 827/933/817 828/934/817 832/935/817
f 830/936/818 827/937/818 829/932/818
f 828/934/819 830/938/819 832/935/819
f 830/936/820 828/935/820 827/938/820
f 829/933/821 831/932/821 832/935/821 830/934/821
f 831/935/822 829/932/822 827/937/822
o For_Ref
v 1.047989 -0.954359 -1.770549
v 0.783188 -0.466309 -2.572628
v 0.829883 -1.035910 -1.729435
v 0.685961 -0.710961 -2.633209
v 0.857473 -0.791258 -1.645865
v 0.574278 -0.466309 -2.503658
vn 0.4699 0.8441 0.2583
vn 0.2654 -0.8930 -0.3634
vn -0.2950 0.3385 -0.8935
vn 0.8696 -0.2386 -0.4323
vn -0.9618 -0.2299 0.1484
vn 0.2950 -0.3385 0.8935
vt 0.720067 0.279933
vt 0.279933 0.279933
vt 0.279933 0.720067
vt 0.720067 0.720067
vt 0.426644 0.720067
vt 0.279933 0.426644
vt 0.426644 0.279933
s 0
usemtl Advanced_Glass_With_Imperfections
f 837/939/823 833/940/823 834/941/823 838/942/823
f 836/943/824 833/944/824 835/939/824
f 834/941/825 836/945/825 838/942/825
f 836/943/826 834/942/826 833/945/826
f 835/940/827 837/939/827 838/942/827 836/941/827
f 837/942/828 835/939/828 833/944/828
o For_Ref
v 0.783134 -0.448337 -1.491417
v 0.518333 0.039713 -2.293497
v 0.565028 -0.529888 -1.450304
v 0.421106 -0.204939 -2.354077
v 0.592618 -0.285235 -1.366734
v 0.309423 0.039713 -2.224527
vn 0.4699 0.8441 0.2583
vn 0.2654 -0.8930 -0.3634
vn -0.2950 0.3385 -0.8935
vn 0.8696 -0.2386 -0.4323
vn -0.9618 -0.2299 0.1484
vn 0.2950 -0.3385 0.8935
vt 0.720067 0.279933
vt 0.279933 0.279933
vt 0.279933 0.720067
vt 0.720067 0.720067
vt 0.426644 0.720067
vt 0.279933 0.426644
vt 0.426644 0.279933
s 0
usemtl Advanced_Glass_With_Imperfections
f 843/946/829 839/947/829 840/948/829 844/949/829
f 842/950/830 839/951/830 841/946/830
f 840/948/831 842/952/831 844/949/831
f 842/950/832 840/949/832 839/952/832
f 841/947/833 843/946/833 844/949/833 842/948/833
f 843/949/834 841/946/834 839/951/834
o For_Ref
v 0.395326 -0.422912 -1.353754
v 0.130525 0.065138 -2.155833
v 0.177220 -0.504463 -1.312640
v 0.033298 -0.179515 -2.216413
v 0.204810 -0.259811 -1.229070
v -0.078385 0.065138 -2.086863
vn 0.4699 0.8441 0.2583
vn 0.2654 -0.8930 -0.3634
vn -0.2950 0.3385 -0.8935
vn 0.8696 -0.2386 -0.4323
vn -0.9618 -0.2299 0.1484
vn 0.2950 -0.3385 0.8935
vt 0.720067 0.279933
vt 0.279933 0.279933
vt 0.279933 0.720067
vt 0.720067 0.720067
vt 0.426644 0.720067
vt 0.279933 0.426644
vt 0.426644 0.279933
s 0
usemtl Advanced_Glass_With_Imperfections
f 849/953/835 845/954/835 846/955/835 850/956/835
f 848/957/836 845/958/836 847/953/836
f 846/955/837 848/959/837 850/956/837
f 848/957/838 846/956/838 845/959/838
f 847/954/839 849/953/839 850/956/839 848/955/839
f 849/956/840 847/953/840 845/958/840
o For_Ref
v -0.277590 -1.557767 -1.561500
v -0.542392 -1.069717 -2.363579
v -0.495696 -1.639318 -1.520386
v -0.639618 -1.314369 -2.424160
v -0.468106 -1.394666 -1.436816
v -0.751301 -1.069717 -2.294609
vn 0.4699 0.8441 0.2583
vn 0.2654 -0.8930 -0.3634
vn -0.2950 0.3385 -0.8935
vn 0.8696 -0.2386 -0.4323
vn -0.9618 -0.2299 0.1484
vn 0.2950 -0.3385 0.8935
vt 0.720067 0.279933
vt 0.279933 0.279933
vt 0.279933 0.720067
vt 0.720067 0.720067
vt 0.426644 0.720067
vt 0.279933 0.426644
vt 0.426644 0.279933
s 0
usemtl Advanced_Glass_With_Imperfections
f 855/960/841 851/961/841 852/962/841 856/963/841
f 854/964/842 851/965/842 853/960/842
f 852/962/843 854/966/843 856/963/843
f 854/964/844 852/963/844 851/966/844
f 853/961/845 855/960/845 856/963/845 854/962/845
f 855/963/846 853/960/846 851/965/846
o For_Ref
v 0.379521 -0.550779 -1.396974
v 0.114720 -0.062728 -2.199054
v 0.161415 -0.632329 -1.355861
v 0.017493 -0.307381 -2.259634
v 0.189005 -0.387677 -1.272290
v -0.094190 -0.062728 -2.130084
vn 0.4699 0.8441 0.2583
vn 0.2654 -0.8930 -0.3634
vn -0.2950 0.3385 -0.8935
vn 0.8696 -0.2386 -0.4323
vn -0.9618 -0.2299 0.1484
vn 0.2950 -0.3385 0.8935
vt 0.720067 0.279933
vt 0.279933 0.279933
vt 0.279933 0.720067
vt 0.720067 0.720067
vt 0.426644 0.720067
vt 0.279933 0.426644
vt 0.426644 0.279933
s 0
usemtl Advanced_Glass_With_Imperfections
f 861/967/847 857/968/847 858/969/847 862/970/847
f 860/971/848 857/972/848 859/967/848
f 858/969/849 860/973/849 862/970/849
f 860/971/850 858/970/850 857/973/850
f 859/968/851 861/967/851 862/970/851 860/969/851
f 861/970/852 859/967/852 857/972/852
o For_Ref
v -0.033300 -0.836136 -1.285817
v -0.946131 -0.667668 -0.985813
v 0.035806 -0.922801 -1.076952
v -0.921983 -0.927664 -0.916557
v 0.034555 -0.662805 -1.076540
v -0.877442 -0.667668 -0.776811
vn -0.0390 0.9276 -0.3716
vn -0.0567 -0.9287 -0.3666
vn -0.9500 -0.0051 0.3122
vn -0.3453 -0.2714 -0.8984
vn 0.2313 -0.2711 0.9343
vn 0.9500 0.0051 -0.3122
vt 0.720067 0.279933
vt 0.279933 0.279933
vt 0.279933 0.720067
vt 0.720067 0.720067
vt 0.426644 0.720067
vt 0.279933 0.426644
vt 0.426644 0.279933
s 0
usemtl Advanced_Glass_With_Imperfections
f 867/974/853 863/975/853 864/976/853 868/977/853
f 866/978/854 863/979/854 865/974/854
f 864/976/855 866/980/855 868/977/855
f 866/978/856 864/977/856 863/980/856
f 865/975/857 867/974/857 868/977/857 866/976/857
f 867/977/858 865/974/858 863/979/858
o For_Ref
v 0.121552 -1.569521 -0.826544
v -0.791280 -1.401053 -0.526541
v 0.190657 -1.656186 -0.617679
v -0.767132 -1.661049 -0.457285
v 0.189406 -1.396190 -0.617268
v -0.722591 -1.401053 -0.317539
vn -0.0390 0.9276 -0.3716
vn -0.0567 -0.9287 -0.3666
vn -0.9500 -0.0051 0.3122
vn -0.3453 -0.2714 -0.8984
vn 0.2313 -0.2711 0.9343
vn 0.9500 0.0051 -0.3122
vt 0.720067 0.279933
vt 0.279933 0.279933
vt 0.279933 0.720067
vt 0.720067 0.720067
vt 0.426644 0.720067
vt 0.279933 0.426644
vt 0.426644 0.279933
s 0
usemtl Advanced_Glass_With_Imperfections
f 873/981/859 869/982/859 870/983/859 874/984/859
f 872/985/860 869/986/860 871/981/860
f 870/983/861 872/987/861 874/984/861
f 872/985/862 870/984/862 869/987/862
f 871/982/863 873/981/863 874/984/863 872/983/863
f 873/984/864 871/981/864 869/986/864
o For_Ref
v -0.027121 -1.394733 -1.276080
v -0.939952 -1.226265 -0.976077
v 0.041985 -1.481399 -1.067215
v -0.915805 -1.486262 -0.906821
v 0.040734 -1.221402 -1.066804
v -0.871264 -1.226265 -0.767075
vn -0.0390 0.9276 -0.3716
vn -0.0567 -0.9287 -0.3666
vn -0.9500 -0.0051 0.3122
vn -0.3453 -0.2714 -0.8984
vn 0.2313 -0.2711 0.9343
vn 0.9500 0.0051 -0.3122
vt 0.720067 0.279933
vt 0.279933 0.279933
vt 0.279933 0.720067
vt 0.720067 0.720067
vt 0.426644 0.720067
vt 0.279933 0.426644
vt 0.426644 0.279933
s 0
usemtl Advanced_Glass_With_Imperfections
f 879/988/865 875/989/865 876/990/865 880/991/865
f 878/992/866 875/993/866 877/988/866
f 876/990/867 878/994/867 880/991/867
f 878/992/868 876/991/868 875/994/868
f 877/989/869 879/988/869 880/991/869 878/990/869
f 879/991/870 877/988/870 875/993/870
o For_Ref
v 0.187700 -1.780290 -0.628690
v -0.725131 -1.611822 -0.328687
v 0.256806 -1.866956 -0.419825
v -0.700984 -1.871819 -0.259431
v 0.255555 -1.606959 -0.419414
v -0.656442 -1.611822 -0.119685
vn -0.0390 0.9276 -0.3716
vn -0.0567 -0.9287 -0.3666
vn -0.9500 -0.0051 0.3122
vn -0.3453 -0.2714 -0.8984
vn 0.2313 -0.2711 0.9343
vn 0.9500 0.0051 -0.3122
vt 0.720067 0.279933
vt 0.279933 0.279933
vt 0.279933 0.720067
vt 0.720067 0.720067
vt 0.426644 0.720067
vt 0.279933 0.426644
vt 0.426644 0.279933
s 0
usemtl Advanced_Glass_With_Imperfections
f 885/995/871 881/996/871 882/997/871 886/998/871
f 884/999/872 881/1000/872 883/995/872
f 882/997/873 884/1001/873 886/998/873
f 884/999/874 882/998/874 881/1001/874
f 883/996/875 885/995/875 886/998/875 884/997/875
f 885/998/876 883/995/876 881/1000/876
o For_Ref
v 0.326526 -1.644418 -0.204075
v -0.586305 -1.475950 0.095928
v 0.395632 -1.731083 0.004790
v -0.562158 -1.735946 0.165185
v 0.394381 -1.471087 0.005202
v -0.517616 -1.475950 0.304931
vn -0.0390 0.9276 -0.3716
vn -0.0567 -0.9287 -0.3666
vn -0.9500 -0.0051 0.3122
vn -0.3453 -0.2714 -0.8984
vn 0.2313 -0.2711 0.9343
vn 0.9500 0.0051 -0.3122
vt 0.720067 0.279933
vt 0.279933 0.279933
vt 0.279933 0.720067
vt 0.720067 0.720067
vt 0.426644 0.720067
vt 0.279933 0.426644
vt 0.426644 0.279933
s 0
usemtl Advanced_Glass_With_Imperfections
f 891/1002/877 887/1003/877 888/1004/877 892/1005/877
f 890/1006/878 887/1007/878 889/1002/878
f 888/1004/879 890/1008/879 892/1005/879
f 890/1006/880 888/1005/880 887/1008/880
f 889/1003/881 891/1002/881 892/1005/881 890/1004/881
f 891/1005/882 889/1002/882 887/1007/882
o For_Ref
v 0.328868 -1.753291 -0.198715
v -0.583963 -1.584823 0.101289
v 0.397974 -1.839957 0.010150
v -0.559816 -1.844820 0.170545
v 0.396723 -1.579960 0.010562
v -0.515274 -1.584823 0.310291
vn -0.0390 0.9276 -0.3716
vn -0.0567 -0.9287 -0.3666
vn -0.9500 -0.0051 0.3122
vn -0.3453 -0.2714 -0.8984
vn 0.2313 -0.2711 0.9343
vn 0.9500 0.0051 -0.3122
vt 0.720067 0.279933
vt 0.279933 0.279933
vt 0.279933 0.720067
vt 0.720067 0.720067
vt 0.426644 0.720067
vt 0.279933 0.426644
vt 0.426644 0.279933
s 0
usemtl Advanced_Glass_With_Imperfections
f 897/1009/883 893/1010/883 894/1011/883 898/1012/883
f 896/1013/884 893/1014/884 895/1009/884
f 894/1011/885 896/1015/885 898/1012/885
f 896/1013/886 894/1012/886 893/1015/886
f 895/1010/887 897/1009/887 898/1012/887 896/1011/887
f 897/1012/888 895/1009/888 893/1014/888
o For_Ref
v 0.384153 -0.810448 -0.015201
v -0.528678 -0.641980 0.284803
v 0.453259 -0.897114 0.193664
v -0.504531 -0.901977 0.354059
v 0.452008 -0.637117 0.194076
v -0.459990 -0.641980 0.493805
vn -0.0390 0.9276 -0.3716
vn -0.0567 -0.9287 -0.3666
vn -0.9500 -0.0051 0.3122
vn -0.3453 -0.2714 -0.8984
vn 0.2313 -0.2711 0.9343
vn 0.9500 0.0051 -0.3122
vt 0.720067 0.279933
vt 0.279933 0.279933
vt 0.279933 0.720067
vt 0.720067 0.720067
vt 0.426644 0.720067
vt 0.279933 0.426644
vt 0.426644 0.279933
s 0
usemtl Advanced_Glass_With_Imperfections
f 903/1016/889 899/1017/889 900/1018/889 904/1019/889
f 902/1020/890 899/1021/890 901/1016/890
f 900/1018/891 902/1022/891 904/1019/891
f 902/1020/892 900/1019/892 899/1022/892
f 901/1017/893 903/1016/893 904/1019/893 902/1018/893
f 903/1019/894 901/1016/894 899/1021/894
o For_Ref
v -0.074570 -0.284083 -1.402434
v -0.987401 -0.115615 -1.102431
v -0.005464 -0.370749 -1.193569
v -0.963254 -0.375612 -1.033175
v -0.006715 -0.110752 -1.193158
v -0.918712 -0.115615 -0.893429
vn -0.0390 0.9276 -0.3716
vn -0.0567 -0.9287 -0.3666
vn -0.9500 -0.0051 0.3122
vn -0.3453 -0.2714 -0.8984
vn 0.2313 -0.2711 0.9343
vn 0.9500 0.0051 -0.3122
vt 0.720067 0.279933
vt 0.279933 0.279933
vt 0.279933 0.720067
vt 0.720067 0.720067
vt 0.426644 0.720067
vt 0.279933 0.426644
vt 0.426644 0.279933
s 0
usemtl Advanced_Glass_With_Imperfections
f 909/1023/895 905/1024/895 906/1025/895 910/1026/895
f 908/1027/896 905/1028/896 907/1023/896
f 906/1025/897 908/1029/897 910/1026/897
f 908/1027/898 906/1026/898 905/1029/898
f 907/1024/899 909/1023/899 910/1026/899 908/1025/899
f 909/1026/900 907/1023/900 905/1028/900
o For_Ref
v 0.388500 -1.687973 -0.425063
v 0.690088 -1.849820 0.488444
v 0.588212 -1.769523 -0.521890
v 0.732134 -2.094472 0.381883
v 0.615802 -1.524871 -0.438320
v 0.898997 -1.849820 0.419474
vn -0.2731 0.9007 0.3377
vn -0.4626 -0.8552 -0.2338
vn 0.2950 -0.3385 0.8935
vn -0.9272 -0.2717 0.2580
vn 0.9044 -0.2796 -0.3224
vn -0.2950 0.3385 -0.8935
vt 0.720067 0.279933
vt 0.279933 0.279933
vt 0.279933 0.720067
vt 0.720067 0.720067
vt 0.426644 0.720067
vt 0.279933 0.426644
vt 0.426644 0.279933
s 0
usemtl Advanced_Glass_With_Imperfections
f 915/1030/901 911/1031/901 912/1032/901 916/1033/901
f 914/1034/902 911/1035/902 913/1030/902
f 912/1032/903 914/1036/903 916/1033/903
f 914/1034/904 912/1033/904 911/1036/904
f 913/1031/905 915/1030/905 916/1033/905 914/1032/905
f 915/1033/906 913/1030/906 911/1035/906
o For_Ref
v 0.242735 -0.798579 -0.040021
v 0.544323 -0.960426 0.873486
v 0.442447 -0.880130 -0.136847
v 0.586369 -1.205079 0.766926
v 0.470038 -0.635478 -0.053277
v 0.753232 -0.960426 0.804516
vn -0.2731 0.9007 0.3377
vn -0.4626 -0.8552 -0.2338
vn 0.2950 -0.3385 0.8935
vn -0.9272 -0.2717 0.2580
vn 0.9044 -0.2796 -0.3224
vn -0.2950 0.3385 -0.8935
vt 0.720067 0.279933
vt 0.279933 0.279933
vt 0.279933 0.720067
vt 0.720067 0.720067
vt 0.426644 0.720067
vt 0.279933 0.426644
vt 0.426644 0.279933
s 0
usemtl Advanced_Glass_With_Imperfections
f 921/1037/907 917/1038/907 918/1039/907 922/1040/907
f 920/1041/908 917/1042/908 919/1037/908
f 918/1039/909 920/1043/909 922/1040/909
f 920/1041/910 918/1040/910 917/1043/910
f 919/1038/911 921/1037/911 922/1040/911 920/1039/911
f 921/1040/912 919/1037/912 917/1042/912
o For_Ref
v 0.162147 -1.521703 -0.287348
v 0.463735 -1.683550 0.626159
v 0.361860 -1.603253 -0.384175
v 0.505781 -1.928202 0.519598
v 0.389450 -1.358601 -0.300605
v 0.672645 -1.683550 0.557189
vn -0.2731 0.9007 0.3377
vn -0.4626 -0.8552 -0.2338
vn 0.2950 -0.3385 0.8935
vn -0.9272 -0.2717 0.2580
vn 0.9044 -0.2796 -0.3224
vn -0.2950 0.3385 -0.8935
vt 0.720067 0.279933
vt 0.279933 0.279933
vt 0.279933 0.720067
vt 0.720067 0.720067
vt 0.426644 0.720067
vt 0.279933 0.426644
vt 0.426644 0.279933
s 0
usemtl Advanced_Glass_With_Imperfections
f 927/1044/913 923/1045/913 924/1046/913 928/1047/913
f 926/1048/914 923/1049/914 925/1044/914
f 924/1046/915 926/1050/915 928/1047/915
f 926/1048/916 924/1047/916 923/1050/916
f 925/1045/917 927/1044/917 928/1047/917 926/1046/917
f 927/1047/918 925/1044/918 923/1049/918
o For_Ref
v 0.543978 -0.661270 -0.087459
v 0.845566 -0.823117 0.826048
v 0.743690 -0.742821 -0.184286
v 0.887612 -1.067770 0.719488
v 0.771281 -0.498169 -0.100715
v 1.054476 -0.823117 0.757078
vn -0.2731 0.9007 0.3377
vn -0.4626 -0.8552 -0.2338
vn 0.2950 -0.3385 0.8935
vn -0.9272 -0.2717 0.2580
vn 0.9044 -0.2796 -0.3224
vn -0.2950 0.3385 -0.8935
vt 0.720067 0.279933
vt 0.279933 0.279933
vt 0.279933 0.720067
vt 0.720067 0.720067
vt 0.426644 0.720067
vt 0.279933 0.426644
vt 0.426644 0.279933
s 0
usemtl Advanced_Glass_With_Imperfections
f 933/1051/919 929/1052/919 930/1053/919 934/1054/919
f 932/1055/920 929/1056/920 931/1051/920
f 930/1053/921 932/1057/921 934/1054/921
f 932/1055/922 930/1054/922 929/1057/922
f 931/1052/923 933/1051/923 934/1054/923 932/1053/923
f 933/1054/924 931/1051/924 929/1056/924
o For_Ref
v 1.375672 -0.583058 -0.332409
v 1.677260 -0.744905 0.581098
v 1.575384 -0.664609 -0.429236
v 1.719306 -0.989558 0.474538
v 1.602974 -0.419957 -0.345665
v 1.886169 -0.744905 0.512128
vn -0.2731 0.9007 0.3377
vn -0.4626 -0.8552 -0.2338
vn 0.2950 -0.3385 0.8935
vn -0.9272 -0.2717 0.2580
vn 0.9044 -0.2796 -0.3224
vn -0.2950 0.3385 -0.8935
vt 0.720067 0.279933
vt 0.279933 0.279933
vt 0.279933 0.720067
vt 0.720067 0.720067
vt 0.426644 0.720067
vt 0.279933 0.426644
vt 0.426644 0.279933
s 0
usemtl Advanced_Glass_With_Imperfections
f 939/1058/925 935/1059/925 936/1060/925 940/1061/925
f 938/1062/926 935/1063/926 937/1058/926
f 936/1060/927 938/1064/927 940/1061/927
f 938/1062/928 936/1061/928 935/1064/928
f 937/1059/929 939/1058/929 940/1061/929 938/1060/929
f 939/1061/930 937/1058/930 935/1063/930
o For_Ref
v 1.201466 -1.272360 -0.536017
v 1.503054 -1.434207 0.377490
v 1.401179 -1.353911 -0.632844
v 1.545101 -1.678859 0.270930
v 1.428769 -1.109258 -0.549273
v 1.711964 -1.434207 0.308520
vn -0.2731 0.9007 0.3377
vn -0.4626 -0.8552 -0.2338
vn 0.2950 -0.3385 0.8935
vn -0.9272 -0.2717 0.2580
vn 0.9044 -0.2796 -0.3224
vn -0.2950 0.3385 -0.8935
vt 0.720067 0.279933
vt 0.279933 0.279933
vt 0.279933 0.720067
vt 0.720067 0.720067
vt 0.426644 0.720067
vt 0.279933 0.426644
vt 0.426644 0.279933
s 0
usemtl Advanced_Glass_With_Imperfections
f 945/1065/931 941/1066/931 942/1067/931 946/1068/931
f 944/1069/932 941/1070/932 943/1065/932
f 942/1067/933 944/1071/933 946/1068/933
f 944/1069/934 942/1068/934 941/1071/934
f 943/1066/935 945/1065/935 946/1068/935 944/1067/935
f 945/1068/936 943/1065/936 941/1070/936
o For_Ref
v 0.010197 -0.601987 -0.746189
v 0.013309 0.373478 -0.736020
v 0.245474 -0.618315 -0.729181
v 0.158155 0.324494 -0.513315
v 0.170750 -0.569331 -0.973347
v 0.223678 0.373478 -0.800401
vn -0.6203 0.0925 -0.7789
vn -0.0860 -0.2299 0.9694
vn 0.0551 0.9821 0.1802
vn -0.8386 -0.0030 0.5448
vn 0.9997 0.0210 -0.0134
vn -0.0551 -0.9821 -0.1802
vt 0.720067 0.279933
vt 0.279933 0.279933
vt 0.279933 0.720067
vt 0.720067 0.720067
vt 0.426644 0.720067
vt 0.279933 0.426644
vt 0.426644 0.279933
s 0
usemtl Advanced_Glass_With_Imperfections
f 951/1072/937 947/1073/937 948/1074/937 952/1075/937
f 950/1076/938 947/1077/938 949/1072/938
f 948/1074/939 950/1078/939 952/1075/939
f 950/1076/940 948/1075/940 947/1078/940
f 949/1073/941 951/1072/941 952/1075/941 950/1074/941
f 951/1075/942 949/1072/942 947/1077/942
o For_Ref
v 0.004551 -0.767087 0.155572
v 0.007663 0.208378 0.165741
v 0.239828 -0.783415 0.172580
v 0.152510 0.159394 0.388447
v 0.165105 -0.734431 -0.071586
v 0.218032 0.208378 0.101361
vn -0.6203 0.0925 -0.7789
vn -0.0860 -0.2299 0.9694
vn 0.0551 0.9821 0.1802
vn -0.8386 -0.0030 0.5448
vn 0.9997 0.0210 -0.0134
vn -0.0551 -0.9821 -0.1802
vt 0.720067 0.279933
vt 0.279933 0.279933
vt 0.279933 0.720067
vt 0.720067 0.720067
vt 0.426644 0.720067
vt 0.279933 0.426644
vt 0.426644 0.279933
s 0
usemtl Advanced_Glass_With_Imperfections
f 957/1079/943 953/1080/943 954/1081/943 958/1082/943
f 956/1083/944 953/1084/944 955/1079/944
f 954/1081/945 956/1085/945 958/1082/945
f 956/1083/946 954/1082/946 953/1085/946
f 955/1080/947 957/1079/947 958/1082/947 956/1081/947
f 957/1082/948 955/1079/948 953/1084/948
o For_Ref
v 0.164205 -0.731408 -0.087786
v 0.167317 0.244056 -0.077617
v 0.399482 -0.747736 -0.070778
v 0.312164 0.195072 0.145088
v 0.324759 -0.698752 -0.314944
v 0.377687 0.244056 -0.141998
vn -0.6203 0.0925 -0.7789
vn -0.0860 -0.2299 0.9694
vn 0.0551 0.9821 0.1802
vn -0.8386 -0.0030 0.5448
vn 0.9997 0.0210 -0.0134
vn -0.0551 -0.9821 -0.1802
vt 0.720067 0.279933
vt 0.279933 0.279933
vt 0.279933 0.720067
vt 0.720067 0.720067
vt 0.426644 0.720067
vt 0.279933 0.426644
vt 0.426644 0.279933
s 0
usemtl Advanced_Glass_With_Imperfections
f 963/1086/949 959/1087/949 960/1088/949 964/1089/949
f 962/1090/950 959/1091/950 961/1086/950
f 960/1088/951 962/1092/951 964/1089/951
f 962/1090/952 960/1089/952 959/1092/952
f 961/1087/953 963/1086/953 964/1089/953 962/1088/953
f 963/1089/954 961/1086/954 959/1091/954
o For_Ref
v 0.081252 -0.783453 0.221318
v 0.084364 0.192012 0.231487
v 0.316529 -0.799781 0.238326
v 0.229210 0.143028 0.454193
v 0.241805 -0.750797 -0.005840
v 0.294733 0.192012 0.167107
vn -0.6203 0.0925 -0.7789
vn -0.0860 -0.2299 0.9694
vn 0.0551 0.9821 0.1802
vn -0.8386 -0.0030 0.5448
vn 0.9997 0.0210 -0.0134
vn -0.0551 -0.9821 -0.1802
vt 0.720067 0.279933
vt 0.279933 0.279933
vt 0.279933 0.720067
vt 0.720067 0.720067
vt 0.426644 0.720067
vt 0.279933 0.426644
vt 0.426644 0.279933
s 0
usemtl Advanced_Glass_With_Imperfections
f 969/1093/955 965/1094/955 966/1095/955 970/1096/955
f 968/1097/956 965/1098/956 967/1093/956
f 966/1095/957 968/1099/957 970/1096/957
f 968/1097/958 966/1096/958 965/1099/958
f 967/1094/959 969/1093/959 970/1096/959 968/1095/959
f 969/1096/960 967/1093/960 965/1098/960
o For_Ref
v 0.758975 -0.764278 -0.090622
v 0.762087 0.211187 -0.080453
v 0.994252 -0.780606 -0.073614
v 0.906933 0.162203 0.142252
v 0.919528 -0.731622 -0.317780
v 0.972456 0.211187 -0.144834
vn -0.6203 0.0925 -0.7789
vn -0.0860 -0.2299 0.9694
vn 0.0551 0.9821 0.1802
vn -0.8386 -0.0030 0.5448
vn 0.9997 0.0210 -0.0134
vn -0.0551 -0.9821 -0.1802
vt 0.720067 0.279933
vt 0.279933 0.279933
vt 0.279933 0.720067
vt 0.720067 0.720067
vt 0.426644 0.720067
vt 0.279933 0.426644
vt 0.426644 0.279933
s 0
usemtl Advanced_Glass_With_Imperfections
f 975/1100/961 971/1101/961 972/1102/961 976/1103/961
f 974/1104/962 971/1105/962 973/1100/962
f 972/1102/963 974/1106/963 976/1103/963
f 974/1104/964 972/1103/964 971/1106/964
f 973/1101/965 975/1100/965 976/1103/965 974/1102/965
f 975/1103/966 973/1100/966 971/1105/966
o For_Ref
v 0.537708 -0.741109 -0.149207
v 0.540820 0.234355 -0.139038
v 0.772985 -0.757437 -0.132199
v 0.685667 0.185371 0.083668
v 0.698262 -0.708453 -0.376365
v 0.751190 0.234355 -0.203418
vn -0.6203 0.0925 -0.7789
vn -0.0860 -0.2299 0.9694
vn 0.0551 0.9821 0.1802
vn -0.8386 -0.0030 0.5448
vn 0.9997 0.0210 -0.0134
vn -0.0551 -0.9821 -0.1802
vt 0.720067 0.279933
vt 0.279933 0.279933
vt 0.279933 0.720067
vt 0.720067 0.720067
vt 0.426644 0.720067
vt 0.279933 0.426644
vt 0.426644 0.279933
s 0
usemtl Advanced_Glass_With_Imperfections
f 981/1107/967 977/1108/967 978/1109/967 982/1110/967
f 980/1111/968 977/1112/968 979/1107/968
f 978/1109/969 980/1113/969 982/1110/969
f 980/1111/970 978/1110/970 977/1113/970
f 979/1108/971 981/1107/971 982/1110/971 980/1109/971
f 981/1110/972 979/1107/972 977/1112/972
o For_Ref
v 0.645416 -0.759465 -0.082105
v 0.648528 0.216000 -0.071936
v 0.880693 -0.775793 -0.065097
v 0.793374 0.167016 0.150770
v 0.805969 -0.726809 -0.309263
v 0.858897 0.216000 -0.136317
vn -0.6203 0.0925 -0.7789
vn -0.0860 -0.2299 0.9694
vn 0.0551 0.9821 0.1802
vn -0.8386 -0.0030 0.5448
vn 0.9997 0.0210 -0.0134
vn -0.0551 -0.9821 -0.1802
vt 0.720067 0.279933
vt 0.279933 0.279933
vt 0.279933 0.720067
vt 0.720067 0.720067
vt 0.426644 0.720067
vt 0.279933 0.426644
vt 0.426644 0.279933
s 0
usemtl Advanced_Glass_With_Imperfections
f 987/1114/973 983/1115/973 984/1116/973 988/1117/973
f 986/1118/974 983/1119/974 985/1114/974
f 984/1116/975 986/1120/975 988/1117/975
f 986/1118/976 984/1117/976 983/1120/976
f 985/1115/977 987/1114/977 988/1117/977 986/1116/977
f 987/1117/978 985/1114/978 983/1119/978
o For_Ref
v 0.954514 -0.607522 -1.005008
v 0.957626 0.367943 -0.994839
v 1.189791 -0.623850 -0.988000
v 1.102473 0.318959 -0.772133
v 1.115068 -0.574866 -1.232165
v 1.167995 0.367943 -1.059219
vn -0.6203 0.0925 -0.7789
vn -0.0860 -0.2299 0.9694
vn 0.0551 0.9821 0.1802
vn -0.8386 -0.0030 0.5448
vn 0.9997 0.0210 -0.0134
vn -0.0551 -0.9821 -0.1802
vt 0.720067 0.279933
vt 0.279933 0.279933
vt 0.279933 0.720067
vt 0.720067 0.720067
vt 0.426644 0.720067
vt 0.279933 0.426644
vt 0.426644 0.279933
s 0
usemtl Advanced_Glass_With_Imperfections
f 993/1121/979 989/1122/979 990/1123/979 994/1124/979
f 992/1125/980 989/1126/980 991/1121/980
f 990/1123/981 992/1127/981 994/1124/981
f 992/1125/982 990/1124/982 989/1127/982
f 991/1122/983 993/1121/983 994/1124/983 992/1123/983
f 993/1124/984 991/1121/984 989/1126/984
o For_Ref
v 0.890158 -1.369362 -1.781469
v 0.787414 -2.279515 -2.117193
v 0.704696 -1.385690 -1.635700
v 0.792015 -2.328499 -1.851567
v 0.629973 -1.336706 -1.879866
v 0.577045 -2.279515 -2.052813
vn 0.0874 0.2569 -0.9625
vn 0.6200 -0.1201 0.7754
vn -0.0551 -0.9821 -0.1802
vn 0.9944 -0.0992 -0.0355
vn -0.8441 -0.1230 0.5219
vn 0.0551 0.9821 0.1802
vt 0.720067 0.279933
vt 0.279933 0.279933
vt 0.279933 0.720067
vt 0.720067 0.720067
vt 0.426644 0.720067
vt 0.279933 0.426644
vt 0.426644 0.279933
s 0
usemtl Advanced_Glass_With_Imperfections
f 999/1128/985 995/1129/985 996/1130/985 1000/1131/985
f 998/1132/986 995/1133/986 997/1128/986
f 996/1130/987 998/1134/987 1000/1131/987
f 998/1132/988 996/1131/988 995/1134/988
f 997/1129/989 999/1128/989 1000/1131/989 998/1130/989
f 999/1131/990 997/1128/990 995/1133/990
o For_Ref
v 0.500185 -1.303907 -2.018946
v 0.397442 -2.214060 -2.354670
v 0.314724 -1.320235 -1.873177
v 0.402042 -2.263044 -2.089044
v 0.240000 -1.271251 -2.117342
v 0.187072 -2.214060 -2.290289
vn 0.0874 0.2569 -0.9625
vn 0.6200 -0.1201 0.7754
vn -0.0551 -0.9821 -0.1802
vn 0.9944 -0.0992 -0.0355
vn -0.8441 -0.1230 0.5219
vn 0.0551 0.9821 0.1802
vt 0.720067 0.279933
vt 0.279933 0.279933
vt 0.279933 0.720067
vt 0.720067 0.720067
vt 0.426644 0.720067
vt 0.279933 0.426644
vt 0.426644 0.279933
s 0
usemtl Advanced_Glass_With_Imperfections
f 1005/1135/991 1001/1136/991 1002/1137/991 1006/1138/991
f 1004/1139/992 1001/1140/992 1003/1135/992
f 1002/1137/993 1004/1141/993 1006/1138/993
f 1004/1139/994 1002/1138/994 1001/1141/994
f 1003/1136/995 1005/1135/995 1006/1138/995 1004/1137/995
f 1005/1138/996 1003/1135/996 1001/1140/996
o For_Ref
v 0.182760 -1.395856 -1.420550
v 0.080017 -2.306009 -1.756274
v -0.002701 -1.412184 -1.274781
v 0.084617 -2.354993 -1.490648
v -0.077424 -1.363200 -1.518947
v -0.130352 -2.306009 -1.691894
vn 0.0874 0.2569 -0.9625
vn 0.6200 -0.1201 0.7754
vn -0.0551 -0.9821 -0.1802
vn 0.9944 -0.0992 -0.0355
vn -0.8441 -0.1230 0.5219
vn 0.0551 0.9821 0.1802
vt 0.720067 0.279933
vt 0.279933 0.279933
vt 0.279933 0.720067
vt 0.720067 0.720067
vt 0.426644 0.720067
vt 0.279933 0.426644
vt 0.426644 0.279933
s 0
usemtl Advanced_Glass_With_Imperfections
f 1011/1142/997 1007/1143/997 1008/1144/997 1012/1145/997
f 1010/1146/998 1007/1147/998 1009/1142/998
f 1008/1144/999 1010/1148/999 1012/1145/999
f 1010/1146/1000 1008/1145/1000 1007/1148/1000
f 1009/1143/1001 1011/1142/1001 1012/1145/1001 1010/1144/1001
f 1011/1145/1002 1009/1142/1002 1007/1147/1002
o For_Ref
v 1.131285 -1.428504 -1.532855
v 1.028541 -2.338656 -1.868579
v 0.945823 -1.444832 -1.387086
v 1.033142 -2.387640 -1.602953
v 0.871100 -1.395848 -1.631252
v 0.818172 -2.338656 -1.804199
vn 0.0874 0.2569 -0.9625
vn 0.6200 -0.1201 0.7754
vn -0.0551 -0.9821 -0.1802
vn 0.9944 -0.0992 -0.0355
vn -0.8441 -0.1230 0.5219
vn 0.0551 0.9821 0.1802
vt 0.720067 0.279933
vt 0.279933 0.279933
vt 0.279933 0.720067
vt 0.720067 0.720067
vt 0.426644 0.720067
vt 0.279933 0.426644
vt 0.426644 0.279933
s 0
usemtl Advanced_Glass_With_Imperfections
f 1017/1149/1003 1013/1150/1003 1014/1151/1003 1018/1152/1003
f 1016/1153/1004 1013/1154/1004 1015/1149/1004
f 1014/1151/1005 1016/1155/1005 1018/1152/1005
f 1016/1153/1006 1014/1152/1006 1013/1155/1006
f 1015/1150/1007 1017/1149/1007 1018/1152/1007 1016/1151/1007
f 1017/1152/1008 1015/1149/1008 1013/1154/1008
o For_Ref
v 0.995754 -1.546314 -0.849141
v 0.893011 -2.456467 -1.184865
v 0.810293 -1.562642 -0.703372
v 0.897611 -2.505451 -0.919239
v 0.735569 -1.513658 -0.947538
v 0.682642 -2.456467 -1.120484
vn 0.0874 0.2569 -0.9625
vn 0.6200 -0.1201 0.7754
vn -0.0551 -0.9821 -0.1802
vn 0.9944 -0.0992 -0.0355
vn -0.8441 -0.1230 0.5219
vn 0.0551 0.9821 0.1802
vt 0.720067 0.279933
vt 0.279933 0.279933
vt 0.279933 0.720067
vt 0.720067 0.720067
vt 0.426644 0.720067
vt 0.279933 0.426644
vt 0.426644 0.279933
s 0
usemtl Advanced_Glass_With_Imperfections
f 1023/1156/1009 1019/1157/1009 1020/1158/1009 1024/1159/1009
f 1022/1160/1010 1019/1161/1010 1021/1156/1010
f 1020/1158/1011 1022/1162/1011 1024/1159/1011
f 1022/1160/1012 1020/1159/1012 1019/1162/1012
f 1021/1157/1013 1023/1156/1013 1024/1159/1013 1022/1158/1013
f 1023/1159/1014 1021/1156/1014 1019/1161/1014
o For_Ref
v 0.762804 -1.595253 -0.511062
v 0.660061 -2.505406 -0.846786
v 0.577343 -1.611581 -0.365293
v 0.664661 -2.554390 -0.581160
v 0.502619 -1.562597 -0.609459
v 0.449692 -2.505406 -0.782406
vn 0.0874 0.2569 -0.9625
vn 0.6200 -0.1201 0.7754
vn -0.0551 -0.9821 -0.1802
vn 0.9944 -0.0992 -0.0355
vn -0.8441 -0.1230 0.5219
vn 0.0551 0.9821 0.1802
vt 0.720067 0.279933
vt 0.279933 0.279933
vt 0.279933 0.720067
vt 0.720067 0.720067
vt 0.426644 0.720067
vt 0.279933 0.426644
vt 0.426644 0.279933
s 0
usemtl Advanced_Glass_With_Imperfections
f 1029/1163/1015 1025/1164/1015 1026/1165/1015 1030/1166/1015
f 1028/1167/1016 1025/1168/1016 1027/1163/1016
f 1026/1165/1017 1028/1169/1017 1030/1166/1017
f 1028/1167/1018 1026/1166/1018 1025/1169/1018
f 1027/1164/1019 1029/1163/1019 1030/1166/1019 1028/1165/1019
f 1029/1166/1020 1027/1163/1020 1025/1168/1020
o For_Ref
v -0.135872 -1.373284 -1.446088
v -0.238615 -2.283437 -1.781812
v -0.321333 -1.389612 -1.300319
v -0.234015 -2.332421 -1.516186
v -0.396056 -1.340628 -1.544485
v -0.448984 -2.283437 -1.717432
vn 0.0874 0.2569 -0.9625
vn 0.6200 -0.1201 0.7754
vn -0.0551 -0.9821 -0.1802
vn 0.9944 -0.0992 -0.0355
vn -0.8441 -0.1230 0.5219
vn 0.0551 0.9821 0.1802
vt 0.720067 0.279933
vt 0.279933 0.279933
vt 0.279933 0.720067
vt 0.720067 0.720067
vt 0.426644 0.720067
vt 0.279933 0.426644
vt 0.426644 0.279933
s 0
usemtl Advanced_Glass_With_Imperfections
f 1035/1170/1021 1031/1171/1021 1032/1172/1021 1036/1173/1021
f 1034/1174/1022 1031/1175/1022 1033/1170/1022
f 1032/1172/1023 1034/1176/1023 1036/1173/1023
f 1034/1174/1024 1032/1173/1024 1031/1176/1024
f 1033/1171/1025 1035/1170/1025 1036/1173/1025 1034/1172/1025
f 1035/1173/1026 1033/1170/1026 1031/1175/1026
o For_Ref
v 1.100354 -1.563184 -0.789188
v 0.997610 -2.473336 -1.124912
v 0.914892 -1.579512 -0.643419
v 1.002211 -2.522321 -0.859286
v 0.840169 -1.530528 -0.887585
v 0.787241 -2.473336 -1.060532
vn 0.0874 0.2569 -0.9625
vn 0.6200 -0.1201 0.7754
vn -0.0551 -0.9821 -0.1802
vn 0.9944 -0.0992 -0.0355
vn -0.8441 -0.1230 0.5219
vn 0.0551 0.9821 0.1802
vt 0.720067 0.279933
vt 0.279933 0.279933
vt 0.279933 0.720067
vt 0.720067 0.720067
vt 0.426644 0.720067
vt 0.279933 0.426644
vt 0.426644 0.279933
s 0
usemtl Advanced_Glass_With_Imperfections
f 1041/1177/1027 1037/1178/1027 1038/1179/1027 1042/1180/1027
f 1040/1181/1028 1037/1182/1028 1039/1177/1028
f 1038/1179/1029 1040/1183/1029 1042/1180/1029
f 1040/1181/1030 1038/1180/1030 1037/1183/1030
f 1039/1178/1031 1041/1177/1031 1042/1180/1031 1040/1179/1031
f 1041/1180/1032 1039/1177/1032 1037/1182/1032
o For_Ref
v -0.248714 -0.992505 -1.108977
v -0.379605 -1.880529 -1.490979
v -0.429604 -1.013791 -0.958189
v -0.367283 -1.944387 -1.228780
v -0.511300 -0.949934 -1.196617
v -0.587727 -1.880529 -1.419667
vn 0.0609 0.3088 -0.9492
vn 0.6425 -0.1740 0.7462
vn -0.0796 -0.9694 -0.2323
vn 0.9907 -0.1140 -0.0743
vn -0.8288 -0.1376 0.5424
vn 0.0796 0.9694 0.2323
vt 0.720067 0.279933
vt 0.279933 0.279933
vt 0.279933 0.720067
vt 0.720067 0.720067
vt 0.426644 0.720067
vt 0.279933 0.426644
vt 0.426644 0.279933
s 0
usemtl Advanced_Glass_With_Imperfections
f 1047/1184/1033 1043/1185/1033 1044/1186/1033 1048/1187/1033
f 1046/1188/1034 1043/1189/1034 1045/1184/1034
f 1044/1186/1035 1046/1190/1035 1048/1187/1035
f 1046/1188/1036 1044/1187/1036 1043/1190/1036
f 1045/1185/1037 1047/1184/1037 1048/1187/1037 1046/1186/1037
f 1047/1187/1038 1045/1184/1038 1043/1189/1038
o For_Ref
v -0.698660 -0.979508 -1.009030
v -0.829551 -1.867532 -1.391033
v -0.879550 -1.000794 -0.858243
v -0.817229 -1.931390 -1.128834
v -0.961246 -0.936937 -1.096671
v -1.037673 -1.867532 -1.319721
vn 0.0609 0.3088 -0.9492
vn 0.6425 -0.1740 0.7462
vn -0.0796 -0.9694 -0.2323
vn 0.9907 -0.1140 -0.0743
vn -0.8288 -0.1376 0.5424
vn 0.0796 0.9694 0.2323
vt 0.720067 0.279933
vt 0.279933 0.279933
vt 0.279933 0.720067
vt 0.720067 0.720067
vt 0.426644 0.720067
vt 0.279933 0.426644
vt 0.426644 0.279933
s 0
usemtl Advanced_Glass_With_Imperfections
f 1053/1191/1039 1049/1192/1039 1050/1193/1039 1054/1194/1039
f 1052/1195/1040 1049/1196/1040 1051/1191/1040
f 1050/1193/1041 1052/1197/1041 1054/1194/1041
f 1052/1195/1042 1050/1194/1042 1049/1197/1042
f 1051/1192/1043 1053/1191/1043 1054/1194/1043 1052/1193/1043
f 1053/1194/1044 1051/1191/1044 1049/1196/1044
o For_Ref
v -0.555423 -0.999131 -0.976242
v -0.686314 -1.887155 -1.358244
v -0.736313 -1.020416 -0.825454
v -0.673992 -1.951012 -1.096045
v -0.818009 -0.956559 -1.063882
v -0.894436 -1.887155 -1.286932
vn 0.0609 0.3088 -0.9492
vn 0.6425 -0.1740 0.7462
vn -0.0796 -0.9694 -0.2323
vn 0.9907 -0.1140 -0.0743
vn -0.8288 -0.1376 0.5424
vn 0.0796 0.9694 0.2323
vt 0.720067 0.279933
vt 0.279933 0.279933
vt 0.279933 0.720067
vt 0.720067 0.720067
vt 0.426644 0.720067
vt 0.279933 0.426644
vt 0.426644 0.279933
s 0
usemtl Advanced_Glass_With_Imperfections
f 1059/1198/1045 1055/1199/1045 1056/1200/1045 1060/1201/1045
f 1058/1202/1046 1055/1203/1046 1057/1198/1046
f 1056/1200/1047 1058/1204/1047 1060/1201/1047
f 1058/1202/1048 1056/1201/1048 1055/1204/1048
f 1057/1199/1049 1059/1198/1049 1060/1201/1049 1058/1200/1049
f 1059/1201/1050 1057/1198/1050 1055/1203/1050
o For_Ref
v -0.489817 -0.854411 -1.602513
v -0.620708 -1.742435 -1.984516
v -0.670707 -0.875696 -1.451725
v -0.608386 -1.806292 -1.722317
v -0.752403 -0.811839 -1.690154
v -0.828830 -1.742435 -1.913204
vn 0.0609 0.3088 -0.9492
vn 0.6425 -0.1740 0.7462
vn -0.0796 -0.9694 -0.2323
vn 0.9907 -0.1140 -0.0743
vn -0.8288 -0.1376 0.5424
vn 0.0796 0.9694 0.2323
vt 0.720067 0.279933
vt 0.279933 0.279933
vt 0.279933 0.720067
vt 0.720067 0.720067
vt 0.426644 0.720067
vt 0.279933 0.426644
vt 0.426644 0.279933
s 0
usemtl Advanced_Glass_With_Imperfections
f 1065/1205/1051 1061/1206/1051 1062/1207/1051 1066/1208/1051
f 1064/1209/1052 1061/1210/1052 1063/1205/1052
f 1062/1207/1053 1064/1211/1053 1066/1208/1053
f 1064/1209/1054 1062/1208/1054 1061/1211/1054
f 1063/1206/1055 1065/1205/1055 1066/1208/1055 1064/1207/1055
f 1065/1208/1056 1063/1205/1056 1061/1210/1056
o For_Ref
v 0.165988 -0.937825 -1.479207
v 0.035097 -1.825849 -1.861210
v -0.014902 -0.959110 -1.328419
v 0.047419 -1.889706 -1.599011
v -0.096598 -0.895253 -1.566848
v -0.173025 -1.825849 -1.789898
vn 0.0609 0.3088 -0.9492
vn 0.6425 -0.1740 0.7462
vn -0.0796 -0.9694 -0.2323
vn 0.9907 -0.1140 -0.0743
vn -0.8288 -0.1376 0.5424
vn 0.0796 0.9694 0.2323
vt 0.720067 0.279933
vt 0.279933 0.279933
vt 0.279933 0.720067
vt 0.720067 0.720067
vt 0.426644 0.720067
vt 0.279933 0.426644
vt 0.426644 0.279933
s 0
usemtl Advanced_Glass_With_Imperfections
f 1071/1212/1057 1067/1213/1057 1068/1214/1057 1072/1215/1057
f 1070/1216/1058 1067/1217/1058 1069/1212/1058
f 1068/1214/1059 1070/1218/1059 1072/1215/1059
f 1070/1216/1060 1068/1215/1060 1067/1218/1060
f 1069/1213/1061 1071/1212/1061 1072/1215/1061 1070/1214/1061
f 1071/1215/1062 1069/1212/1062 1067/1217/1062
o For_Ref
v 0.403240 -1.063823 -1.034816
v 0.272349 -1.951848 -1.416818
v 0.222350 -1.085109 -0.884028
v 0.284671 -2.015705 -1.154619
v 0.140654 -1.021252 -1.122456
v 0.064227 -1.951848 -1.345506
vn 0.0609 0.3088 -0.9492
vn 0.6425 -0.1740 0.7462
vn -0.0796 -0.9694 -0.2323
vn 0.9907 -0.1140 -0.0743
vn -0.8288 -0.1376 0.5424
vn 0.0796 0.9694 0.2323
vt 0.720067 0.279933
vt 0.279933 0.279933
vt 0.279933 0.720067
vt 0.720067 0.720067
vt 0.426644 0.720067
vt 0.279933 0.426644
vt 0.426644 0.279933
s 0
usemtl Advanced_Glass_With_Imperfections
f 1077/1219/1063 1073/1220/1063 1074/1221/1063 1078/1222/1063
f 1076/1223/1064 1073/1224/1064 1075/1219/1064
f 1074/1221/1065 1076/1225/1065 1078/1222/1065
f 1076/1223/1066 1074/1222/1066 1073/1225/1066
f 1075/1220/1067 1077/1219/1067 1078/1222/1067 1076/1221/1067
f 1077/1222/1068 1075/1219/1068 1073/1224/1068
o For_Ref
v -0.113773 -0.986376 -1.180785
v -0.244664 -1.874400 -1.562787
v -0.294662 -1.007662 -1.029997
v -0.232341 -1.938258 -1.300589
v -0.376359 -0.943805 -1.268425
v -0.452786 -1.874400 -1.491475
vn 0.0609 0.3088 -0.9492
vn 0.6425 -0.1740 0.7462
vn -0.0796 -0.9694 -0.2323
vn 0.9907 -0.1140 -0.0743
vn -0.8288 -0.1376 0.5424
vn 0.0796 0.9694 0.2323
vt 0.720067 0.279933
vt 0.279933 0.279933
vt 0.279933 0.720067
vt 0.720067 0.720067
vt 0.426644 0.720067
vt 0.279933 0.426644
vt 0.426644 0.279933
s 0
usemtl Advanced_Glass_With_Imperfections
f 1083/1226/1069 1079/1227/1069 1080/1228/1069 1084/1229/1069
f 1082/1230/1070 1079/1231/1070 1081/1226/1070
f 1080/1228/1071 1082/1232/1071 1084/1229/1071
f 1082/1230/1072 1080/1229/1072 1079/1232/1072
f 1081/1227/1073 1083/1226/1073 1084/1229/1073 1082/1228/1073
f 1083/1229/1074 1081/1226/1074 1079/1231/1074
o For_Ref
v -0.644318 -0.718647 -2.115998
v -0.775209 -1.606672 -2.498000
v -0.825208 -0.739933 -1.965210
v -0.762887 -1.670529 -2.235801
v -0.906904 -0.676076 -2.203638
v -0.983331 -1.606672 -2.426688
vn 0.0609 0.3088 -0.9492
vn 0.6425 -0.1740 0.7462
vn -0.0796 -0.9694 -0.2323
vn 0.9907 -0.1140 -0.0743
vn -0.8288 -0.1376 0.5424
vn 0.0796 0.9694 0.2323
vt 0.720067 0.279933
vt 0.279933 0.279933
vt 0.279933 0.720067
vt 0.720067 0.720067
vt 0.426644 0.720067
vt 0.279933 0.426644
vt 0.426644 0.279933
s 0
usemtl Advanced_Glass_With_Imperfections
f 1089/1233/1075 1085/1234/1075 1086/1235/1075 1090/1236/1075
f 1088/1237/1076 1085/1238/1076 1087/1233/1076
f 1086/1235/1077 1088/1239/1077 1090/1236/1077
f 1088/1237/1078 1086/1236/1078 1085/1239/1078
f 1087/1234/1079 1089/1233/1079 1090/1236/1079 1088/1235/1079
f 1089/1236/1080 1087/1233/1080 1085/1238/1080
o For_Ref
v -0.857357 -0.726661 -1.850176
v -0.718893 -0.222794 -2.673942
v -1.069197 -0.807645 -1.917083
v -0.775863 -0.465746 -2.777415
v -1.084546 -0.564693 -1.825766
v -0.935850 -0.222794 -2.710410
vn 0.2925 0.8365 0.4633
vn 0.4071 -0.8880 -0.2141
vn 0.1549 0.3561 -0.9215
vn 0.9716 -0.2359 0.0190
vn -0.9192 -0.2269 -0.3218
vn -0.1549 -0.3561 0.9215
vt 0.720067 0.279933
vt 0.279933 0.279933
vt 0.279933 0.720067
vt 0.720067 0.720067
vt 0.426644 0.720067
vt 0.279933 0.426644
vt 0.426644 0.279933
s 0
usemtl Advanced_Glass_With_Imperfections
f 1095/1240/1081 1091/1241/1081 1092/1242/1081 1096/1243/1081
f 1094/1244/1082 1091/1245/1082 1093/1240/1082
f 1092/1242/1083 1094/1246/1083 1096/1243/1083
f 1094/1244/1084 1092/1243/1084 1091/1246/1084
f 1093/1241/1085 1095/1240/1085 1096/1243/1085 1094/1242/1085
f 1095/1243/1086 1093/1240/1086 1091/1245/1086
o For_Ref
v -0.922411 -0.800472 -1.889638
v -0.783947 -0.296605 -2.713404
v -1.134251 -0.881456 -1.956544
v -0.840916 -0.539558 -2.816876
v -1.149600 -0.638504 -1.865227
v -1.000903 -0.296605 -2.749871
vn 0.2925 0.8365 0.4633
vn 0.4071 -0.8880 -0.2141
vn 0.1549 0.3561 -0.9215
vn 0.9716 -0.2359 0.0190
vn -0.9192 -0.2269 -0.3218
vn -0.1549 -0.3561 0.9215
vt 0.720067 0.279933
vt 0.279933 0.279933
vt 0.279933 0.720067
vt 0.720067 0.720067
vt 0.426644 0.720067
vt 0.279933 0.426644
vt 0.426644 0.279933
s 0
usemtl Advanced_Glass_With_Imperfections
f 1101/1247/1087 1097/1248/1087 1098/1249/1087 1102/1250/1087
f 1100/1251/1088 1097/1252/1088 1099/1247/1088
f 1098/1249/1089 1100/1253/1089 1102/1250/1089
f 1100/1251/1090 1098/1250/1090 1097/1253/1090
f 1099/1248/1091 1101/1247/1091 1102/1250/1091 1100/1249/1091
f 1101/1250/1092 1099/1247/1092 1097/1252/1092
o For_Ref
v -0.408713 -0.965495 -1.867070
v -0.270249 -0.461628 -2.690836
v -0.620553 -1.046479 -1.933976
v -0.327218 -0.704580 -2.794309
v -0.635902 -0.803527 -1.842660
v -0.487205 -0.461628 -2.727304
vn 0.2925 0.8365 0.4633
vn 0.4071 -0.8880 -0.2141
vn 0.1549 0.3561 -0.9215
vn 0.9716 -0.2359 0.0190
vn -0.9192 -0.2269 -0.3218
vn -0.1549 -0.3561 0.9215
vt 0.720067 0.279933
vt 0.279933 0.279933
vt 0.279933 0.720067
vt 0.720067 0.720067
vt 0.426644 0.720067
vt 0.279933 0.426644
vt 0.426644 0.279933
s 0
usemtl Advanced_Glass_With_Imperfections
f 1107/1254/1093 1103/1255/1093 1104/1256/1093 1108/1257/1093
f 1106/1258/1094 1103/1259/1094 1105/1254/1094
f 1104/1256/1095 1106/1260/1095 1108/1257/1095
f 1106/1258/1096 1104/1257/1096 1103/1260/1096
f 1105/1255/1097 1107/1254/1097 1108/1257/1097 1106/1256/1097
f 1107/1257/1098 1105/1254/1098 1103/1259/1098
o For_Ref
v 0.394693 -0.584923 -1.584944
v 0.533157 -0.081056 -2.408710
v 0.182853 -0.665907 -1.651850
v 0.476188 -0.324008 -2.512183
v 0.167504 -0.422955 -1.560534
v 0.316201 -0.081056 -2.445178
vn 0.2925 0.8365 0.4633
vn 0.4071 -0.8880 -0.2141
vn 0.1549 0.3561 -0.9215
vn 0.9716 -0.2359 0.0190
vn -0.9192 -0.2269 -0.3218
vn -0.1549 -0.3561 0.9215
vt 0.720067 0.279933
vt 0.279933 0.279933
vt 0.279933 0.720067
vt 0.720067 0.720067
vt 0.426644 0.720067
vt 0.279933 0.426644
vt 0.426644 0.279933
s 0
usemtl Advanced_Glass_With_Imperfections
f 1113/1261/1099 1109/1262/1099 1110/1263/1099 1114/1264/1099
f 1112/1265/1100 1109/1266/1100 1111/1261/1100
f 1110/1263/1101 1112/1267/1101 1114/1264/1101
f 1112/1265/1102 1110/1264/1102 1109/1267/1102
f 1111/1262/1103 1113/1261/1103 1114/1264/1103 1112/1263/1103
f 1113/1264/1104 1111/1261/1104 1109/1266/1104
o For_Ref
v 0.306527 -0.902077 -1.722338
v 0.444991 -0.398210 -2.546104
v 0.094687 -0.983061 -1.789244
v 0.388021 -0.641162 -2.649577
v 0.079338 -0.740109 -1.697928
v 0.228034 -0.398210 -2.582572
vn 0.2925 0.8365 0.4633
vn 0.4071 -0.8880 -0.2141
vn 0.1549 0.3561 -0.9215
vn 0.9716 -0.2359 0.0190
vn -0.9192 -0.2269 -0.3218
vn -0.1549 -0.3561 0.9215
vt 0.720067 0.279933
vt 0.279933 0.279933
vt 0.279933 0.720067
vt 0.720067 0.720067
vt 0.426644 0.720067
vt 0.279933 0.426644
vt 0.426644 0.279933
s 0
usemtl Advanced_Glass_With_Imperfections
f 1119/1268/1105 1115/1269/1105 1116/1270/1105 1120/1271/1105
f 1118/1272/1106 1115/1273/1106 1117/1268/1106
f 1116/1270/1107 1118/1274/1107 1120/1271/1107
f 1118/1272/1108 1116/1271/1108 1115/1274/1108
f 1117/1269/1109 1119/1268/1109 1120/1271/1109 1118/1270/1109
f 1119/1271/1110 1117/1268/1110 1115/1273/1110
o For_Ref
v -0.013409 -0.263474 -1.529307
v 0.125055 0.240393 -2.353073
v -0.225249 -0.344458 -1.596213
v 0.068086 -0.002560 -2.456545
v -0.240598 -0.101506 -1.504896
v -0.091901 0.240393 -2.389540
vn 0.2925 0.8365 0.4633
vn 0.4071 -0.8880 -0.2141
vn 0.1549 0.3561 -0.9215
vn 0.9716 -0.2359 0.0190
vn -0.9192 -0.2269 -0.3218
vn -0.1549 -0.3561 0.9215
vt 0.720067 0.279933
vt 0.279933 0.279933
vt 0.279933 0.720067
vt 0.720067 0.720067
vt 0.426644 0.720067
vt 0.279933 0.426644
vt 0.426644 0.279933
s 0
usemtl Advanced_Glass_With_Imperfections
f 1125/1275/1111 1121/1276/1111 1122/1277/1111 1126/1278/1111
f 1124/1279/1112 1121/1280/1112 1123/1275/1112
f 1122/1277/1113 1124/1281/1113 1126/1278/1113
f 1124/1279/1114 1122/1278/1114 1121/1281/1114
f 1123/1276/1115 1125/1275/1115 1126/1278/1115 1124/1277/1115
f 1125/1278/1116 1123/1275/1116 1121/1280/1116
o For_Ref
v -0.224126 -0.444822 -1.121105
v -0.202163 0.528345 -1.057007
v 0.011228 -0.466108 -1.112941
v -0.051093 0.464488 -0.842350
v -0.070468 -0.402251 -1.351369
v 0.005959 0.528345 -1.128319
vn -0.6435 0.1466 -0.7513
vn -0.0588 -0.2824 0.9575
vn 0.0796 0.9694 0.2323
vn -0.8203 -0.0191 0.5716
vn 0.9989 0.0046 -0.0458
vn -0.0796 -0.9694 -0.2323
vt 0.720067 0.279933
vt 0.279933 0.279933
vt 0.279933 0.720067
vt 0.720067 0.720067
vt 0.426644 0.720067
vt 0.279933 0.426644
vt 0.426644 0.279933
s 0
usemtl Advanced_Glass_With_Imperfections
f 1131/1282/1117 1127/1283/1117 1128/1284/1117 1132/1285/1117
f 1130/1286/1118 1127/1287/1118 1129/1282/1118
f 1128/1284/1119 1130/1288/1119 1132/1285/1119
f 1130/1286/1120 1128/1285/1120 1127/1288/1120
f 1129/1283/1121 1131/1282/1121 1132/1285/1121 1130/1284/1121
f 1131/1285/1122 1129/1282/1122 1127/1287/1122
o For_Ref
v -0.356931 -0.346717 -1.484907
v -0.334969 0.626450 -1.420809
v -0.121578 -0.368003 -1.476743
v -0.183898 0.562593 -1.206151
v -0.203274 -0.304146 -1.715171
v -0.126847 0.626450 -1.492121
vn -0.6435 0.1466 -0.7513
vn -0.0588 -0.2824 0.9575
vn 0.0796 0.9694 0.2323
vn -0.8203 -0.0191 0.5716
vn 0.9989 0.0046 -0.0458
vn -0.0796 -0.9694 -0.2323
vt 0.720067 0.279933
vt 0.279933 0.279933
vt 0.279933 0.720067
vt 0.720067 0.720067
vt 0.426644 0.720067
vt 0.279933 0.426644
vt 0.426644 0.279933
s 0
usemtl Advanced_Glass_With_Imperfections
f 1137/1289/1123 1133/1290/1123 1134/1291/1123 1138/1292/1123
f 1136/1293/1124 1133/1294/1124 1135/1289/1124
f 1134/1291/1125 1136/1295/1125 1138/1292/1125
f 1136/1293/1126 1134/1292/1126 1133/1295/1126
f 1135/1290/1127 1137/1289/1127 1138/1292/1127 1136/1291/1127
f 1137/1292/1128 1135/1289/1128 1133/1294/1128
o For_Ref
v -0.370508 -0.334776 -1.530077
v -0.348545 0.638391 -1.465979
v -0.135155 -0.356061 -1.521913
v -0.197475 0.574534 -1.251322
v -0.216851 -0.292204 -1.760341
v -0.140424 0.638391 -1.537291
vn -0.6435 0.1466 -0.7513
vn -0.0588 -0.2824 0.9575
vn 0.0796 0.9694 0.2323
vn -0.8203 -0.0191 0.5716
vn 0.9989 0.0046 -0.0458
vn -0.0796 -0.9694 -0.2323
vt 0.720067 0.279933
vt 0.279933 0.279933
vt 0.279933 0.720067
vt 0.720067 0.720067
vt 0.426644 0.720067
vt 0.279933 0.426644
vt 0.426644 0.279933
s 0
usemtl Advanced_Glass_With_Imperfections
f 1143/1296/1129 1139/1297/1129 1140/1298/1129 1144/1299/1129
f 1142/1300/1130 1139/1301/1130 1141/1296/1130
f 1140/1298/1131 1142/1302/1131 1144/1299/1131
f 1142/1300/1132 1140/1299/1132 1139/1302/1132
f 1141/1297/1133 1143/1296/1133 1144/1299/1133 1142/1298/1133
f 1143/1299/1134 1141/1296/1134 1139/1301/1134
o For_Ref
v -0.630710 -0.294292 -1.609824
v -0.608747 0.678875 -1.545726
v -0.395356 -0.315577 -1.601660
v -0.457677 0.615018 -1.331069
v -0.477052 -0.251720 -1.840088
v -0.400625 0.678875 -1.617038
vn -0.6435 0.1466 -0.7513
vn -0.0588 -0.2824 0.9575
vn 0.0796 0.9694 0.2323
vn -0.8203 -0.0191 0.5716
vn 0.9989 0.0046 -0.0458
vn -0.0796 -0.9694 -0.2323
vt 0.720067 0.279933
vt 0.279933 0.279933
vt 0.279933 0.720067
vt 0.720067 0.720067
vt 0.426644 0.720067
vt 0.279933 0.426644
vt 0.426644 0.279933
s 0
usemtl Advanced_Glass_With_Imperfections
f 1149/1303/1135 1145/1304/1135 1146/1305/1135 1150/1306/1135
f 1148/1307/1136 1145/1308/1136 1147/1303/1136
f 1146/1305/1137 1148/1309/1137 1150/1306/1137
f 1148/1307/1138 1146/1306/1138 1145/1309/1138
f 1147/1304/1139 1149/1303/1139 1150/1306/1139 1148/1305/1139
f 1149/1306/1140 1147/1303/1140 1145/1308/1140
o For_Ref
v 0.361012 -0.554152 -0.865461
v 0.382975 0.419015 -0.801363
v 0.596366 -0.575437 -0.857297
v 0.534045 0.355158 -0.586705
v 0.514670 -0.511580 -1.095725
v 0.591097 0.419015 -0.872675
vn -0.6435 0.1466 -0.7513
vn -0.0588 -0.2824 0.9575
vn 0.0796 0.9694 0.2323
vn -0.8203 -0.0191 0.5716
vn 0.9989 0.0046 -0.0458
vn -0.0796 -0.9694 -0.2323
vt 0.720067 0.279933
vt 0.279933 0.279933
vt 0.279933 0.720067
vt 0.720067 0.720067
vt 0.426644 0.720067
vt 0.279933 0.426644
vt 0.426644 0.279933
s 0
usemtl Advanced_Glass_With_Imperfections
f 1155/1310/1141 1151/1311/1141 1152/1312/1141 1156/1313/1141
f 1154/1314/1142 1151/1315/1142 1153/1310/1142
f 1152/1312/1143 1154/1316/1143 1156/1313/1143
f 1154/1314/1144 1152/1313/1144 1151/1316/1144
f 1153/1311/1145 1155/1310/1145 1156/1313/1145 1154/1312/1145
f 1155/1313/1146 1153/1310/1146 1151/1315/1146
o For_Ref
v 0.281210 -0.787363 0.134873
v 0.303173 0.185804 0.198971
v 0.516564 -0.808649 0.143038
v 0.454243 0.121947 0.413629
v 0.434867 -0.744792 -0.095390
v 0.511294 0.185804 0.127659
vn -0.6435 0.1466 -0.7513
vn -0.0588 -0.2824 0.9575
vn 0.0796 0.9694 0.2323
vn -0.8203 -0.0191 0.5716
vn 0.9989 0.0046 -0.0458
vn -0.0796 -0.9694 -0.2323
vt 0.720067 0.279933
vt 0.279933 0.279933
vt 0.279933 0.720067
vt 0.720067 0.720067
vt 0.426644 0.720067
vt 0.279933 0.426644
vt 0.426644 0.279933
s 0
usemtl Advanced_Glass_With_Imperfections
f 1161/1317/1147 1157/1318/1147 1158/1319/1147 1162/1320/1147
f 1160/1321/1148 1157/1322/1148 1159/1317/1148
f 1158/1319/1149 1160/1323/1149 1162/1320/1149
f 1160/1321/1150 1158/1320/1150 1157/1323/1150
f 1159/1318/1151 1161/1317/1151 1162/1320/1151 1160/1319/1151
f 1161/1320/1152 1159/1317/1152 1157/1322/1152
o For_Ref
v -0.082340 -0.599184 -0.525669
v -0.060377 0.373983 -0.461571
v 0.153014 -0.620469 -0.517505
v 0.090693 0.310126 -0.246914
v 0.071317 -0.556612 -0.755933
v 0.147744 0.373983 -0.532883
vn -0.6435 0.1466 -0.7513
vn -0.0588 -0.2824 0.9575
vn 0.0796 0.9694 0.2323
vn -0.8203 -0.0191 0.5716
vn 0.9989 0.0046 -0.0458
vn -0.0796 -0.9694 -0.2323
vt 0.720067 0.279933
vt 0.279933 0.279933
vt 0.279933 0.720067
vt 0.720067 0.720067
vt 0.426644 0.720067
vt 0.279933 0.426644
vt 0.426644 0.279933
s 0
usemtl Advanced_Glass_With_Imperfections
f 1167/1324/1153 1163/1325/1153 1164/1326/1153 1168/1327/1153
f 1166/1328/1154 1163/1329/1154 1165/1324/1154
f 1164/1326/1155 1166/1330/1155 1168/1327/1155
f 1166/1328/1156 1164/1327/1156 1163/1330/1156
f 1165/1325/1157 1167/1324/1157 1168/1327/1157 1166/1326/1157
f 1167/1327/1158 1165/1324/1158 1163/1329/1158
o For_Ref
v 0.232343 -0.557670 -0.806693
v 0.254305 0.415497 -0.742595
v 0.467696 -0.578956 -0.798529
v 0.405375 0.351639 -0.527938
v 0.386000 -0.515099 -1.036957
v 0.462427 0.415497 -0.813907
vn -0.6435 0.1466 -0.7513
vn -0.0588 -0.2824 0.9575
vn 0.0796 0.9694 0.2323
vn -0.8203 -0.0191 0.5716
vn 0.9989 0.0046 -0.0458
vn -0.0796 -0.9694 -0.2323
vt 0.720067 0.279933
vt 0.279933 0.279933
vt 0.279933 0.720067
vt 0.720067 0.720067
vt 0.426644 0.720067
vt 0.279933 0.426644
vt 0.426644 0.279933
s 0
usemtl Advanced_Glass_With_Imperfections
f 1173/1331/1159 1169/1332/1159 1170/1333/1159 1174/1334/1159
f 1172/1335/1160 1169/1336/1160 1171/1331/1160
f 1170/1333/1161 1172/1337/1161 1174/1334/1161
f 1172/1335/1162 1170/1334/1162 1169/1337/1162
f 1171/1332/1163 1173/1331/1163 1174/1334/1163 1172/1333/1163
f 1173/1334/1164 1171/1331/1164 1169/1336/1164
o For_Ref
v -0.114317 -0.590535 -0.367236
v -0.273247 -0.770466 0.578286
v 0.107756 -0.671519 -0.361207
v -0.185579 -1.013418 0.499125
v 0.092407 -0.428567 -0.269890
v -0.056290 -0.770466 0.614753
vn -0.4020 0.8962 0.1880
vn -0.2974 -0.8481 -0.4384
vn -0.1549 -0.3561 0.9215
vn -0.9396 -0.2708 -0.2095
vn 0.9512 -0.2791 0.1316
vn 0.1549 0.3561 -0.9215
vt 0.720067 0.279933
vt 0.279933 0.279933
vt 0.279933 0.720067
vt 0.720067 0.720067
vt 0.426644 0.720067
vt 0.279933 0.426644
vt 0.426644 0.279933
s 0
usemtl Advanced_Glass_With_Imperfections
f 1179/1338/1165 1175/1339/1165 1176/1340/1165 1180/1341/1165
f 1178/1342/1166 1175/1343/1166 1177/1338/1166
f 1176/1340/1167 1178/1344/1167 1180/1341/1167
f 1178/1342/1168 1176/1341/1168 1175/1344/1168
f 1177/1339/1169 1179/1338/1169 1180/1341/1169 1178/1340/1169
f 1179/1341/1170 1177/1338/1170 1175/1343/1170
o For_Ref
v 0.402143 -0.396094 -0.205278
v 0.243213 -0.576025 0.740244
v 0.624216 -0.477078 -0.199249
v 0.330881 -0.818978 0.661083
v 0.608867 -0.234126 -0.107933
v 0.460170 -0.576025 0.776711
vn -0.4020 0.8962 0.1880
vn -0.2974 -0.8481 -0.4384
vn -0.1549 -0.3561 0.9215
vn -0.9396 -0.2708 -0.2095
vn 0.9512 -0.2791 0.1316
vn 0.1549 0.3561 -0.9215
vt 0.720067 0.279933
vt 0.279933 0.279933
vt 0.279933 0.720067
vt 0.720067 0.720067
vt 0.426644 0.720067
vt 0.279933 0.426644
vt 0.426644 0.279933
s 0
usemtl Advanced_Glass_With_Imperfections
f 1185/1345/1171 1181/1346/1171 1182/1347/1171 1186/1348/1171
f 1184/1349/1172 1181/1350/1172 1183/1345/1172
f 1182/1347/1173 1184/1351/1173 1186/1348/1173
f 1184/1349/1174 1182/1348/1174 1181/1351/1174
f 1183/1346/1175 1185/1345/1175 1186/1348/1175 1184/1347/1175
f 1185/1348/1176 1183/1345/1176 1181/1350/1176
o For_Ref
v -0.802271 -1.365820 -0.782505
v -0.961200 -1.545751 0.163017
v -0.580198 -1.446804 -0.776477
v -0.873532 -1.788703 0.083856
v -0.595547 -1.203852 -0.685160
v -0.744244 -1.545751 0.199484
vn -0.4020 0.8962 0.1880
vn -0.2974 -0.8481 -0.4384
vn -0.1549 -0.3561 0.9215
vn -0.9396 -0.2708 -0.2095
vn 0.9512 -0.2791 0.1316
vn 0.1549 0.3561 -0.9215
vt 0.720067 0.279933
vt 0.279933 0.279933
vt 0.279933 0.720067
vt 0.720067 0.720067
vt 0.426644 0.720067
vt 0.279933 0.426644
vt 0.426644 0.279933
s 0
usemtl Advanced_Glass_With_Imperfections
f 1191/1352/1177 1187/1353/1177 1188/1354/1177 1192/1355/1177
f 1190/1356/1178 1187/1357/1178 1189/1352/1178
f 1188/1354/1179 1190/1358/1179 1192/1355/1179
f 1190/1356/1180 1188/1355/1180 1187/1358/1180
f 1189/1353/1181 1191/1352/1181 1192/1355/1181 1190/1354/1181
f 1191/1355/1182 1189/1352/1182 1187/1357/1182
o For_Ref
v -0.043110 -1.397639 -0.667198
v -0.202039 -1.577570 0.278324
v 0.178963 -1.478623 -0.661169
v -0.114371 -1.820522 0.199163
v 0.163614 -1.235671 -0.569853
v 0.014917 -1.577570 0.314791
vn -0.4020 0.8962 0.1880
vn -0.2974 -0.8481 -0.4384
vn -0.1549 -0.3561 0.9215
vn -0.9396 -0.2708 -0.2095
vn 0.9512 -0.2791 0.1316
vn 0.1549 0.3561 -0.9215
vt 0.720067 0.279933
vt 0.279933 0.279933
vt 0.279933 0.720067
vt 0.720067 0.720067
vt 0.426644 0.720067
vt 0.279933 0.426644
vt 0.426644 0.279933
s 0
usemtl Advanced_Glass_With_Imperfections
f 1197/1359/1183 1193/1360/1183 1194/1361/1183 1198/1362/1183
f 1196/1363/1184 1193/1364/1184 1195/1359/1184
f 1194/1361/1185 1196/1365/1185 1198/1362/1185
f 1196/1363/1186 1194/1362/1186 1193/1365/1186
f 1195/1360/1187 1197/1359/1187 1198/1362/1187 1196/1361/1187
f 1197/1362/1188 1195/1359/1188 1193/1364/1188
o For_Ref
v 0.178567 -0.542617 -0.968355
v 1.151798 -0.480713 -0.993559
v 0.162919 -0.628710 -1.188023
v 1.120041 -0.738992 -1.066094
v 0.192777 -0.370431 -1.188797
v 1.146102 -0.480713 -1.213485
vn 0.0328 0.9306 0.3645
vn -0.1527 -0.9164 0.3700
vn 0.9930 -0.1149 -0.0257
vn 0.0424 -0.2750 0.9605
vn 0.0169 -0.2774 -0.9606
vn -0.9930 0.1149 0.0257
vt 0.720067 0.279933
vt 0.279933 0.279933
vt 0.279933 0.720067
vt 0.720067 0.720067
vt 0.426644 0.720067
vt 0.279933 0.426644
vt 0.426644 0.279933
s 0
usemtl Advanced_Glass_With_Imperfections
f 1203/1366/1189 1199/1367/1189 1200/1368/1189 1204/1369/1189
f 1202/1370/1190 1199/1371/1190 1201/1366/1190
f 1200/1368/1191 1202/1372/1191 1204/1369/1191
f 1202/1370/1192 1200/1369/1192 1199/1372/1192
f 1201/1367/1193 1203/1366/1193 1204/1369/1193 1202/1368/1193
f 1203/1369/1194 1201/1366/1194 1199/1371/1194
o For_Ref
v 0.206015 -0.195414 -1.459408
v 1.179246 -0.133510 -1.484612
v 0.190367 -0.281507 -1.679077
v 1.147489 -0.391789 -1.557147
v 0.220225 -0.023229 -1.679850
v 1.173550 -0.133510 -1.704538
vn 0.0328 0.9306 0.3645
vn -0.1527 -0.9164 0.3700
vn 0.9930 -0.1149 -0.0257
vn 0.0424 -0.2750 0.9605
vn 0.0169 -0.2774 -0.9606
vn -0.9930 0.1149 0.0257
vt 0.720067 0.279933
vt 0.279933 0.279933
vt 0.279933 0.720067
vt 0.720067 0.720067
vt 0.426644 0.720067
vt 0.279933 0.426644
vt 0.426644 0.279933
s 0
usemtl Advanced_Glass_With_Imperfections
f 1209/1373/1195 1205/1374/1195 1206/1375/1195 1210/1376/1195
f 1208/1377/1196 1205/1378/1196 1207/1373/1196
f 1206/1375/1197 1208/1379/1197 1210/1376/1197
f 1208/1377/1198 1206/1376/1198 1205/1379/1198
f 1207/1374/1199 1209/1373/1199 1210/1376/1199 1208/1375/1199
f 1209/1376/1200 1207/1373/1200 1205/1378/1200
o For_Ref
v 0.218388 -0.181320 -1.044612
v 1.191618 -0.119416 -1.069816
v 0.202739 -0.267413 -1.264280
v 1.159862 -0.377694 -1.142351
v 0.232597 -0.009134 -1.265054
v 1.185923 -0.119416 -1.289742
vn 0.0328 0.9306 0.3645
vn -0.1527 -0.9164 0.3700
vn 0.9930 -0.1149 -0.0257
vn 0.0424 -0.2750 0.9605
vn 0.0169 -0.2774 -0.9606
vn -0.9930 0.1149 0.0257
vt 0.720067 0.279933
vt 0.279933 0.279933
vt 0.279933 0.720067
vt 0.720067 0.720067
vt 0.426644 0.720067
vt 0.279933 0.426644
vt 0.426644 0.279933
s 0
usemtl Advanced_Glass_With_Imperfections
f 1215/1380/1201 1211/1381/1201 1212/1382/1201 1216/1383/1201
f 1214/1384/1202 1211/1385/1202 1213/1380/1202
f 1212/1382/1203 1214/1386/1203 1216/1383/1203
f 1214/1384/1204 1212/1383/1204 1211/1386/1204
f 1213/1381/1205 1215/1380/1205 1216/1383/1205 1214/1382/1205
f 1215/1383/1206 1213/1380/1206 1211/1385/1206
o For_Ref
v 0.207188 -0.274785 -1.059572
v 1.180418 -0.212881 -1.084776
v 0.191540 -0.360878 -1.279240
v 1.148662 -0.471160 -1.157311
v 0.221398 -0.102599 -1.280014
v 1.174723 -0.212881 -1.304702
vn 0.0328 0.9306 0.3645
vn -0.1527 -0.9164 0.3700
vn 0.9930 -0.1149 -0.0257
vn 0.0424 -0.2750 0.9605
vn 0.0169 -0.2774 -0.9606
vn -0.9930 0.1149 0.0257
vt 0.720067 0.279933
vt 0.279933 0.279933
vt 0.279933 0.720067
vt 0.720067 0.720067
vt 0.426644 0.720067
vt 0.279933 0.426644
vt 0.426644 0.279933
s 0
usemtl Advanced_Glass_With_Imperfections
f 1221/1387/1207 1217/1388/1207 1218/1389/1207 1222/1390/1207
f 1220/1391/1208 1217/1392/1208 1219/1387/1208
f 1218/1389/1209 1220/1393/1209 1222/1390/1209
f 1220/1391/1210 1218/1390/1210 1217/1393/1210
f 1219/1388/1211 1221/1387/1211 1222/1390/1211 1220/1389/1211
f 1221/1390/1212 1219/1387/1212 1217/1392/1212
o For_Ref
v 0.136916 -0.898222 -0.988210
v 1.110147 -0.836318 -1.013414
v 0.121268 -0.984315 -1.207878
v 1.078390 -1.094597 -1.085949
v 0.151126 -0.726036 -1.208651
v 1.104451 -0.836318 -1.233340
vn 0.0328 0.9306 0.3645
vn -0.1527 -0.9164 0.3700
vn 0.9930 -0.1149 -0.0257
vn 0.0424 -0.2750 0.9605
vn 0.0169 -0.2774 -0.9606
vn -0.9930 0.1149 0.0257
vt 0.720067 0.279933
vt 0.279933 0.279933
vt 0.279933 0.720067
vt 0.720067 0.720067
vt 0.426644 0.720067
vt 0.279933 0.426644
vt 0.426644 0.279933
s 0
usemtl Advanced_Glass_With_Imperfections
f 1227/1394/1213 1223/1395/1213 1224/1396/1213 1228/1397/1213
f 1226/1398/1214 1223/1399/1214 1225/1394/1214
f 1224/1396/1215 1226/1400/1215 1228/1397/1215
f 1226/1398/1216 1224/1397/1216 1223/1400/1216
f 1225/1395/1217 1227/1394/1217 1228/1397/1217 1226/1396/1217
f 1227/1397/1218 1225/1394/1218 1223/1399/1218
o For_Ref
v 0.087133 -1.430977 -0.530756
v 1.060364 -1.369073 -0.555960
v 0.071485 -1.517070 -0.750425
v 1.028607 -1.627352 -0.628496
v 0.101343 -1.258791 -0.751198
v 1.054668 -1.369073 -0.775887
vn 0.0328 0.9306 0.3645
vn -0.1527 -0.9164 0.3700
vn 0.9930 -0.1149 -0.0257
vn 0.0424 -0.2750 0.9605
vn 0.0169 -0.2774 -0.9606
vn -0.9930 0.1149 0.0257
vt 0.720067 0.279933
vt 0.279933 0.279933
vt 0.279933 0.720067
vt 0.720067 0.720067
vt 0.426644 0.720067
vt 0.279933 0.426644
vt 0.426644 0.279933
s 0
usemtl Advanced_Glass_With_Imperfections
f 1233/1401/1219 1229/1402/1219 1230/1403/1219 1234/1404/1219
f 1232/1405/1220 1229/1406/1220 1231/1401/1220
f 1230/1403/1221 1232/1407/1221 1234/1404/1221
f 1232/1405/1222 1230/1404/1222 1229/1407/1222
f 1231/1402/1223 1233/1401/1223 1234/1404/1223 1232/1403/1223
f 1233/1404/1224 1231/1401/1224 1229/1406/1224
o For_Ref
v 0.099731 -1.211136 -1.026323
v 1.072962 -1.149232 -1.051527
v 0.084083 -1.297229 -1.245991
v 1.041205 -1.407511 -1.124062
v 0.113941 -1.038951 -1.246765
v 1.067266 -1.149232 -1.271453
vn 0.0328 0.9306 0.3645
vn -0.1527 -0.9164 0.3700
vn 0.9930 -0.1149 -0.0257
vn 0.0424 -0.2750 0.9605
vn 0.0169 -0.2774 -0.9606
vn -0.9930 0.1149 0.0257
vt 0.720067 0.279933
vt 0.279933 0.279933
vt 0.279933 0.720067
vt 0.720067 0.720067
vt 0.426644 0.720067
vt 0.279933 0.426644
vt 0.426644 0.279933
s 0
usemtl Advanced_Glass_With_Imperfections
f 1239/1408/1225 1235/1409/1225 1236/1410/1225 1240/1411/1225
f 1238/1412/1226 1235/1413/1226 1237/1408/1226
f 1236/1410/1227 1238/1414/1227 1240/1411/1227
f 1238/1412/1228 1236/1411/1228 1235/1414/1228
f 1237/1409/1229 1239/1408/1229 1240/1411/1229 1238/1410/1229
f 1239/1411/1230 1237/1408/1230 1235/1413/1230
o For_Ref
v 0.101299 -1.308541 -0.530676
v 1.074529 -1.246636 -0.555880
v 0.085651 -1.394634 -0.750345
v 1.042773 -1.504915 -0.628415
v 0.115509 -1.136355 -0.751118
v 1.068834 -1.246636 -0.775806
vn 0.0328 0.9306 0.3645
vn -0.1527 -0.9164 0.3700
vn 0.9930 -0.1149 -0.0257
vn 0.0424 -0.2750 0.9605
vn 0.0169 -0.2774 -0.9606
vn -0.9930 0.1149 0.0257
vt 0.720067 0.279933
vt 0.279933 0.279933
vt 0.279933 0.720067
vt 0.720067 0.720067
vt 0.426644 0.720067
vt 0.279933 0.426644
vt 0.426644 0.279933
s 0
usemtl Advanced_Glass_With_Imperfections
f 1245/1415/1231 1241/1416/1231 1242/1417/1231 1246/1418/1231
f 1244/1419/1232 1241/1420/1232 1243/1415/1232
f 1242/1417/1233 1244/1421/1233 1246/1418/1233
f 1244/1419/1234 1242/1418/1234 1241/1421/1234
f 1243/1416/1235 1245/1415/1235 1246/1418/1235 1244/1417/1235
f 1245/1418/1236 1243/1415/1236 1241/1420/1236
o For_Ref
v -0.765805 -0.915344 -1.210949
v -1.699225 -0.632876 -1.186777
v -0.770063 -1.001437 -0.990765
v -1.727185 -0.891155 -1.112695
v -0.740205 -0.743158 -0.991539
v -1.693530 -0.632876 -0.966850
vn 0.1801 0.9114 -0.3700
vn -0.0606 -0.9292 -0.3645
vn -0.9930 0.1149 0.0257
vn -0.1046 -0.2637 -0.9589
vn -0.0791 -0.2605 0.9622
vn 0.9930 -0.1149 -0.0257
vt 0.720067 0.279933
vt 0.279933 0.279933
vt 0.279933 0.720067
vt 0.720067 0.720067
vt 0.426644 0.720067
vt 0.279933 0.426644
vt 0.426644 0.279933
s 0
usemtl Advanced_Glass_With_Imperfections
f 1251/1422/1237 1247/1423/1237 1248/1424/1237 1252/1425/1237
f 1250/1426/1238 1247/1427/1238 1249/1422/1238
f 1248/1424/1239 1250/1428/1239 1252/1425/1239
f 1250/1426/1240 1248/1425/1240 1247/1428/1240
f 1249/1423/1241 1251/1422/1241 1252/1425/1241 1250/1424/1241
f 1251/1425/1242 1249/1422/1242 1247/1427/1242
o For_Ref
v -0.783791 -1.127975 -0.955653
v -1.717211 -0.845508 -0.931480
v -0.788049 -1.214068 -0.735469
v -1.745171 -1.103786 -0.857398
v -0.758191 -0.955789 -0.736242
v -1.711516 -0.845508 -0.711554
vn 0.1801 0.9114 -0.3700
vn -0.0606 -0.9292 -0.3645
vn -0.9930 0.1149 0.0257
vn -0.1046 -0.2637 -0.9589
vn -0.0791 -0.2605 0.9622
vn 0.9930 -0.1149 -0.0257
vt 0.720067 0.279933
vt 0.279933 0.279933
vt 0.279933 0.720067
vt 0.720067 0.720067
vt 0.426644 0.720067
vt 0.279933 0.426644
vt 0.426644 0.279933
s 0
usemtl Advanced_Glass_With_Imperfections
f 1257/1429/1243 1253/1430/1243 1254/1431/1243 1258/1432/1243
f 1256/1433/1244 1253/1434/1244 1255/1429/1244
f 1254/1431/1245 1256/1435/1245 1258/1432/1245
f 1256/1433/1246 1254/1432/1246 1253/1435/1246
f 1255/1430/1247 1257/1429/1247 1258/1432/1247 1256/1431/1247
f 1257/1432/1248 1255/1429/1248 1253/1434/1248
o For_Ref
v -0.799656 -1.070161 -1.826524
v -1.733076 -0.787694 -1.802351
v -0.803913 -1.156254 -1.606340
v -1.761035 -1.045972 -1.728269
v -0.774055 -0.897975 -1.607113
v -1.727381 -0.787694 -1.582425
vn 0.1801 0.9114 -0.3700
vn -0.0606 -0.9292 -0.3645
vn -0.9930 0.1149 0.0257
vn -0.1046 -0.2637 -0.9589
vn -0.0791 -0.2605 0.9622
vn 0.9930 -0.1149 -0.0257
vt 0.720067 0.279933
vt 0.279933 0.279933
vt 0.279933 0.720067
vt 0.720067 0.720067
vt 0.426644 0.720067
vt 0.279933 0.426644
vt 0.426644 0.279933
s 0
usemtl Advanced_Glass_With_Imperfections
f 1263/1436/1249 1259/1437/1249 1260/1438/1249 1264/1439/1249
f 1262/1440/1250 1259/1441/1250 1261/1436/1250
f 1260/1438/1251 1262/1442/1251 1264/1439/1251
f 1262/1440/1252 1260/1439/1252 1259/1442/1252
f 1261/1437/1253 1263/1436/1253 1264/1439/1253 1262/1438/1253
f 1263/1439/1254 1261/1436/1254 1259/1441/1254
o For_Ref
v -0.683186 -0.363434 -0.485986
v -1.616606 -0.080967 -0.461813
v -0.687443 -0.449527 -0.265802
v -1.644565 -0.339246 -0.387731
v -0.657585 -0.191249 -0.266575
v -1.610910 -0.080967 -0.241886
vn 0.1801 0.9114 -0.3700
vn -0.0606 -0.9292 -0.3645
vn -0.9930 0.1149 0.0257
vn -0.1046 -0.2637 -0.9589
vn -0.0791 -0.2605 0.9622
vn 0.9930 -0.1149 -0.0257
vt 0.720067 0.279933
vt 0.279933 0.279933
vt 0.279933 0.720067
vt 0.720067 0.720067
vt 0.426644 0.720067
vt 0.279933 0.426644
vt 0.426644 0.279933
s 0
usemtl Advanced_Glass_With_Imperfections
f 1269/1443/1255 1265/1444/1255 1266/1445/1255 1270/1446/1255
f 1268/1447/1256 1265/1448/1256 1267/1443/1256
f 1266/1445/1257 1268/1449/1257 1270/1446/1257
f 1268/1447/1258 1266/1446/1258 1265/1449/1258
f 1267/1444/1259 1269/1443/1259 1270/1446/1259 1268/1445/1259
f 1269/1446/1260 1267/1443/1260 1265/1448/1260
o For_Ref
v -0.690410 -0.369183 -0.739282
v -1.623830 -0.086716 -0.715110
v -0.694667 -0.455276 -0.519098
v -1.651789 -0.344994 -0.641028
v -0.664809 -0.196997 -0.519871
v -1.618135 -0.086716 -0.495183
vn 0.1801 0.9114 -0.3700
vn -0.0606 -0.9292 -0.3645
vn -0.9930 0.1149 0.0257
vn -0.1046 -0.2637 -0.9589
vn -0.0791 -0.2605 0.9622
vn 0.9930 -0.1149 -0.0257
vt 0.720067 0.279933
vt 0.279933 0.279933
vt 0.279933 0.720067
vt 0.720067 0.720067
vt 0.426644 0.720067
vt 0.279933 0.426644
vt 0.426644 0.279933
s 0
usemtl Advanced_Glass_With_Imperfections
f 1275/1450/1261 1271/1451/1261 1272/1452/1261 1276/1453/1261
f 1274/1454/1262 1271/1455/1262 1273/1450/1262
f 1272/1452/1263 1274/1456/1263 1276/1453/1263
f 1274/1454/1264 1272/1453/1264 1271/1456/1264
f 1273/1451/1265 1275/1450/1265 1276/1453/1265 1274/1452/1265
f 1275/1453/1266 1273/1450/1266 1271/1455/1266
o For_Ref
v -0.786577 -1.198054 -0.750176
v -1.719997 -0.915587 -0.726003
v -0.790834 -1.284147 -0.529992
v -1.747956 -1.173865 -0.651922
v -0.760976 -1.025868 -0.530765
v -1.714301 -0.915587 -0.506077
vn 0.1801 0.9114 -0.3700
vn -0.0606 -0.9292 -0.3645
vn -0.9930 0.1149 0.0257
vn -0.1046 -0.2637 -0.9589
vn -0.0791 -0.2605 0.9622
vn 0.9930 -0.1149 -0.0257
vt 0.720067 0.279933
vt 0.279933 0.279933
vt 0.279933 0.720067
vt 0.720067 0.720067
vt 0.426644 0.720067
vt 0.279933 0.426644
vt 0.426644 0.279933
s 0
usemtl Advanced_Glass_With_Imperfections
f 1281/1457/1267 1277/1458/1267 1278/1459/1267 1282/1460/1267
f 1280/1461/1268 1277/1462/1268 1279/1457/1268
f 1278/1459/1269 1280/1463/1269 1282/1460/1269
f 1280/1461/1270 1278/1460/1270 1277/1463/1270
f 1279/1458/1271 1281/1457/1271 1282/1460/1271 1280/1459/1271
f 1281/1460/1272 1279/1457/1272 1277/1462/1272
o For_Ref
v -0.345313 0.509163 -1.521137
v -1.284738 0.760957 -1.445467
v -0.334763 0.422791 -1.301274
v -1.300190 0.501840 -1.370651
v -0.313423 0.681908 -1.302993
v -1.267074 0.760957 -1.226177
vn 0.1299 0.9171 -0.3769
vn -0.0501 -0.9304 -0.3631
vn -0.9934 0.0823 0.0800
vn -0.1481 -0.2662 -0.9525
vn -0.0180 -0.2638 0.9644
vn 0.9934 -0.0823 -0.0800
vt 0.720067 0.279933
vt 0.279933 0.279933
vt 0.279933 0.720067
vt 0.720067 0.720067
vt 0.426644 0.720067
vt 0.279933 0.426644
vt 0.426644 0.279933
s 0
usemtl Advanced_Glass_With_Imperfections
f 1287/1464/1273 1283/1465/1273 1284/1466/1273 1288/1467/1273
f 1286/1468/1274 1283/1469/1274 1285/1464/1274
f 1284/1466/1275 1286/1470/1275 1288/1467/1275
f 1286/1468/1276 1284/1467/1276 1283/1470/1276
f 1285/1465/1277 1287/1464/1277 1288/1467/1277 1286/1466/1277
f 1287/1467/1278 1285/1464/1278 1283/1469/1278
o For_Ref
v -0.358457 -0.186879 -0.968039
v -1.297882 0.064915 -0.892369
v -0.347907 -0.273252 -0.748176
v -1.313334 -0.194202 -0.817554
v -0.326567 -0.014134 -0.749895
v -1.280218 0.064915 -0.673079
vn 0.1299 0.9171 -0.3769
vn -0.0501 -0.9304 -0.3631
vn -0.9934 0.0823 0.0800
vn -0.1481 -0.2662 -0.9525
vn -0.0180 -0.2638 0.9644
vn 0.9934 -0.0823 -0.0800
vt 0.720067 0.279933
vt 0.279933 0.279933
vt 0.279933 0.720067
vt 0.720067 0.720067
vt 0.426644 0.720067
vt 0.279933 0.426644
vt 0.426644 0.279933
s 0
usemtl Advanced_Glass_With_Imperfections
f 1293/1471/1279 1289/1472/1279 1290/1473/1279 1294/1474/1279
f 1292/1475/1280 1289/1476/1280 1291/1471/1280
f 1290/1473/1281 1292/1477/1281 1294/1474/1281
f 1292/1475/1282 1290/1474/1282 1289/1477/1282
f 1291/1472/1283 1293/1471/1283 1294/1474/1283 1292/1473/1283
f 1293/1474/1284 1291/1471/1284 1289/1476/1284
o For_Ref
v -0.369803 -0.472596 -0.814871
v -1.309228 -0.220802 -0.739201
v -0.359253 -0.558968 -0.595008
v -1.324680 -0.479919 -0.664386
v -0.337913 -0.299851 -0.596727
v -1.291564 -0.220802 -0.519911
vn 0.1299 0.9171 -0.3769
vn -0.0501 -0.9304 -0.3631
vn -0.9934 0.0823 0.0800
vn -0.1481 -0.2662 -0.9525
vn -0.0180 -0.2638 0.9644
vn 0.9934 -0.0823 -0.0800
vt 0.720067 0.279933
vt 0.279933 0.279933
vt 0.279933 0.720067
vt 0.720067 0.720067
vt 0.426644 0.720067
vt 0.279933 0.426644
vt 0.426644 0.279933
s 0
usemtl Advanced_Glass_With_Imperfections
f 1299/1478/1285 1295/1479/1285 1296/1480/1285 1300/1481/1285
f 1298/1482/1286 1295/1483/1286 1297/1478/1286
f 1296/1480/1287 1298/1484/1287 1300/1481/1287
f 1298/1482/1288 1296/1481/1288 1295/1484/1288
f 1297/1479/1289 1299/1478/1289 1300/1481/1289 1298/1480/1289
f 1299/1481/1290 1297/1478/1290 1295/1483/1290
o For_Ref
v -0.439877 -0.154010 -2.012671
v -1.379302 0.097784 -1.937000
v -0.429327 -0.240382 -1.792808
v -1.394754 -0.161333 -1.862185
v -0.407987 0.018735 -1.794527
v -1.361638 0.097784 -1.717711
vn 0.1299 0.9171 -0.3769
vn -0.0501 -0.9304 -0.3631
vn -0.9934 0.0823 0.0800
vn -0.1481 -0.2662 -0.9525
vn -0.0180 -0.2638 0.9644
vn 0.9934 -0.0823 -0.0800
vt 0.720067 0.279933
vt 0.279933 0.279933
vt 0.279933 0.720067
vt 0.720067 0.720067
vt 0.426644 0.720067
vt 0.279933 0.426644
vt 0.426644 0.279933
s 0
usemtl Advanced_Glass_With_Imperfections
f 1305/1485/1291 1301/1486/1291 1302/1487/1291 1306/1488/1291
f 1304/1489/1292 1301/1490/1292 1303/1485/1292
f 1302/1487/1293 1304/1491/1293 1306/1488/1293
f 1304/1489/1294 1302/1488/1294 1301/1491/1294
f 1303/1486/1295 1305/1485/1295 1306/1488/1295 1304/1487/1295
f 1305/1488/1296 1303/1485/1296 1301/1490/1296
o For_Ref
v -0.423072 0.068546 -2.033069
v -1.362497 0.320341 -1.957399
v -0.412522 -0.017826 -1.813206
v -1.377949 0.061223 -1.882583
v -0.391182 0.241291 -1.814925
v -1.344833 0.320340 -1.738109
vn 0.1299 0.9171 -0.3769
vn -0.0501 -0.9304 -0.3631
vn -0.9934 0.0823 0.0800
vn -0.1481 -0.2662 -0.9525
vn -0.0180 -0.2638 0.9644
vn 0.9934 -0.0823 -0.0800
vt 0.720067 0.279933
vt 0.279933 0.279933
vt 0.279933 0.720067
vt 0.720067 0.720067
vt 0.426644 0.720067
vt 0.279933 0.426644
vt 0.426644 0.279933
s 0
usemtl Advanced_Glass_With_Imperfections
f 1311/1492/1297 1307/1493/1297 1308/1494/1297 1312/1495/1297
f 1310/1496/1298 1307/1497/1298 1309/1492/1298
f 1308/1494/1299 1310/1498/1299 1312/1495/1299
f 1310/1496/1300 1308/1495/1300 1307/1498/1300
f 1309/1493/1301 1311/1492/1301 1312/1495/1301 1310/1494/1301
f 1311/1495/1302 1309/1492/1302 1307/1497/1302
o For_Ref
v -0.447314 -0.491528 -1.757663
v -1.386738 -0.239734 -1.681993
v -0.436764 -0.577901 -1.537801
v -1.402191 -0.498851 -1.607178
v -0.415424 -0.318784 -1.539520
v -1.369075 -0.239734 -1.462704
vn 0.1299 0.9171 -0.3769
vn -0.0501 -0.9304 -0.3631
vn -0.9934 0.0823 0.0800
vn -0.1481 -0.2662 -0.9525
vn -0.0180 -0.2638 0.9644
vn 0.9934 -0.0823 -0.0800
vt 0.720067 0.279933
vt 0.279933 0.279933
vt 0.279933 0.720067
vt 0.720067 0.720067
vt 0.426644 0.720067
vt 0.279933 0.426644
vt 0.426644 0.279933
s 0
usemtl Advanced_Glass_With_Imperfections
f 1317/1499/1303 1313/1500/1303 1314/1501/1303 1318/1502/1303
f 1316/1503/1304 1313/1504/1304 1315/1499/1304
f 1314/1501/1305 1316/1505/1305 1318/1502/1305
f 1316/1503/1306 1314/1502/1306 1313/1505/1306
f 1315/1500/1307 1317/1499/1307 1318/1502/1307 1316/1501/1307
f 1317/1502/1308 1315/1499/1308 1313/1504/1308
o For_Ref
v -0.274393 0.499268 -2.008152
v -0.214049 0.599681 -2.976614
v -0.494374 0.412849 -2.015307
v -0.288461 0.340422 -2.961597
v -0.493154 0.672108 -2.034884
v -0.433624 0.599681 -2.990296
vn 0.3637 0.9308 0.0362
vn 0.3574 -0.9221 0.1483
vn 0.0620 -0.0754 -0.9952
vn 0.9612 -0.2741 0.0315
vn -0.9547 -0.2755 -0.1123
vn -0.0620 0.0754 0.9952
vt 0.720067 0.279933
vt 0.279933 0.279933
vt 0.279933 0.720067
vt 0.720067 0.720067
vt 0.426644 0.720067
vt 0.279933 0.426644
vt 0.426644 0.279933
s 0
usemtl Advanced_Glass_With_Imperfections
f 1323/1506/1309 1319/1507/1309 1320/1508/1309 1324/1509/1309
f 1322/1510/1310 1319/1511/1310 1321/1506/1310
f 1320/1508/1311 1322/1512/1311 1324/1509/1311
f 1322/1510/1312 1320/1509/1312 1319/1512/1312
f 1321/1507/1313 1323/1506/1313 1324/1509/1313 1322/1508/1313
f 1323/1509/1314 1321/1506/1314 1319/1511/1314
o For_Ref
v -0.579434 0.673290 -2.040350
v -0.519091 0.773703 -3.008813
v -0.799415 0.586870 -2.047506
v -0.593502 0.514444 -2.993796
v -0.798195 0.846129 -2.067083
v -0.738665 0.773703 -3.022494
vn 0.3637 0.9308 0.0362
vn 0.3574 -0.9221 0.1483
vn 0.0620 -0.0754 -0.9952
vn 0.9612 -0.2741 0.0315
vn -0.9547 -0.2755 -0.1123
vn -0.0620 0.0754 0.9952
vt 0.720067 0.279933
vt 0.279933 0.279933
vt 0.279933 0.720067
vt 0.720067 0.720067
vt 0.426644 0.720067
vt 0.279933 0.426644
vt 0.426644 0.279933
s 0
usemtl Advanced_Glass_With_Imperfections
f 1329/1513/1315 1325/1514/1315 1326/1515/1315 1330/1516/1315
f 1328/1517/1316 1325/1518/1316 1327/1513/1316
f 1326/1515/1317 1328/1519/1317 1330/1516/1317
f 1328/1517/1318 1326/1516/1318 1325/1519/1318
f 1327/1514/1319 1329/1513/1319 1330/1516/1319 1328/1515/1319
f 1329/1516/1320 1327/1513/1320 1325/1518/1320
o For_Ref
v 0.275614 0.247334 -1.954783
v 0.335957 0.347747 -2.923246
v 0.055633 0.160915 -1.961939
v 0.261546 0.088488 -2.908229
v 0.056853 0.420174 -1.981516
v 0.116383 0.347747 -2.936927
vn 0.3637 0.9308 0.0362
vn 0.3574 -0.9221 0.1483
vn 0.0620 -0.0754 -0.9952
vn 0.9612 -0.2741 0.0315
vn -0.9547 -0.2755 -0.1123
vn -0.0620 0.0754 0.9952
vt 0.720067 0.279933
vt 0.279933 0.279933
vt 0.279933 0.720067
vt 0.720067 0.720067
vt 0.426644 0.720067
vt 0.279933 0.426644
vt 0.426644 0.279933
s 0
usemtl Advanced_Glass_With_Imperfections
f 1335/1520/1321 1331/1521/1321 1332/1522/1321 1336/1523/1321
f 1334/1524/1322 1331/1525/1322 1333/1520/1322
f 1332/1522/1323 1334/1526/1323 1336/1523/1323
f 1334/1524/1324 1332/1523/1324 1331/1526/1324
f 1333/1521/1325 1335/1520/1325 1336/1523/1325 1334/1522/1325
f 1335/1523/1326 1333/1520/1326 1331/1525/1326
o For_Ref
v 0.238397 -0.491096 -1.901125
v 0.298740 -0.390683 -2.869588
v 0.018416 -0.577516 -1.908280
v 0.224329 -0.649942 -2.854571
v 0.019636 -0.318257 -1.927858
v 0.079166 -0.390683 -2.883269
vn 0.3637 0.9308 0.0362
vn 0.3574 -0.9221 0.1483
vn 0.0620 -0.0754 -0.9952
vn 0.9612 -0.2741 0.0315
vn -0.9547 -0.2755 -0.1123
vn -0.0620 0.0754 0.9952
vt 0.720067 0.279933
vt 0.279933 0.279933
vt 0.279933 0.720067
vt 0.720067 0.720067
vt 0.426644 0.720067
vt 0.279933 0.426644
vt 0.426644 0.279933
s 0
usemtl Advanced_Glass_With_Imperfections
f 1341/1527/1327 1337/1528/1327 1338/1529/1327 1342/1530/1327
f 1340/1531/1328 1337/1532/1328 1339/1527/1328
f 1338/1529/1329 1340/1533/1329 1342/1530/1329
f 1340/1531/1330 1338/1530/1330 1337/1533/1330
f 1339/1528/1331 1341/1527/1331 1342/1530/1331 1340/1529/1331
f 1341/1530/1332 1339/1527/1332 1337/1532/1332
o For_Ref
v 0.173786 -0.008798 -1.141842
v 1.141664 0.084897 -1.219804
v 0.149009 -0.095170 -1.360559
v 1.114436 -0.174220 -1.291182
v 0.170349 0.163947 -1.362278
v 1.124000 0.084897 -1.439094
vn 0.0223 0.9309 0.3646
vn -0.1024 -0.9212 0.3754
vn 0.9934 -0.0823 -0.0800
vn 0.1036 -0.2742 0.9561
vn -0.0264 -0.2758 -0.9608
vn -0.9934 0.0823 0.0800
vt 0.720067 0.279933
vt 0.279933 0.279933
vt 0.279933 0.720067
vt 0.720067 0.720067
vt 0.426644 0.720067
vt 0.279933 0.426644
vt 0.426644 0.279933
s 0
usemtl Advanced_Glass_With_Imperfections
f 1347/1534/1333 1343/1535/1333 1344/1536/1333 1348/1537/1333
f 1346/1538/1334 1343/1539/1334 1345/1534/1334
f 1344/1536/1335 1346/1540/1335 1348/1537/1335
f 1346/1538/1336 1344/1537/1336 1343/1540/1336
f 1345/1535/1337 1347/1534/1337 1348/1537/1337 1346/1536/1337
f 1347/1537/1338 1345/1534/1338 1343/1539/1338
o For_Ref
v 0.191880 0.489366 -1.429857
v 1.159758 0.583061 -1.507819
v 0.167103 0.402993 -1.648574
v 1.132530 0.323944 -1.579197
v 0.188443 0.662110 -1.650293
v 1.142094 0.583061 -1.727109
vn 0.0223 0.9309 0.3646
vn -0.1024 -0.9212 0.3754
vn 0.9934 -0.0823 -0.0800
vn 0.1036 -0.2742 0.9561
vn -0.0264 -0.2758 -0.9608
vn -0.9934 0.0823 0.0800
vt 0.720067 0.279933
vt 0.279933 0.279933
vt 0.279933 0.720067
vt 0.720067 0.720067
vt 0.426644 0.720067
vt 0.279933 0.426644
vt 0.426644 0.279933
s 0
usemtl Advanced_Glass_With_Imperfections
f 1353/1541/1339 1349/1542/1339 1350/1543/1339 1354/1544/1339
f 1352/1545/1340 1349/1546/1340 1351/1541/1340
f 1350/1543/1341 1352/1547/1341 1354/1544/1341
f 1352/1545/1342 1350/1544/1342 1349/1547/1342
f 1351/1542/1343 1353/1541/1343 1354/1544/1343 1352/1543/1343
f 1353/1544/1344 1351/1541/1344 1349/1546/1344
o For_Ref
v 0.227162 0.426811 -0.927468
v 1.195040 0.520506 -1.005430
v 0.202385 0.340439 -1.146185
v 1.167812 0.261389 -1.076808
v 0.223725 0.599556 -1.147904
v 1.177376 0.520506 -1.224720
vn 0.0223 0.9309 0.3646
vn -0.1024 -0.9212 0.3754
vn 0.9934 -0.0823 -0.0800
vn 0.1036 -0.2742 0.9561
vn -0.0264 -0.2758 -0.9608
vn -0.9934 0.0823 0.0800
vt 0.720067 0.279933
vt 0.279933 0.279933
vt 0.279933 0.720067
vt 0.720067 0.720067
vt 0.426644 0.720067
vt 0.279933 0.426644
vt 0.426644 0.279933
s 0
usemtl Advanced_Glass_With_Imperfections
f 1359/1548/1345 1355/1549/1345 1356/1550/1345 1360/1551/1345
f 1358/1552/1346 1355/1553/1346 1357/1548/1346
f 1356/1550/1347 1358/1554/1347 1360/1551/1347
f 1358/1552/1348 1356/1551/1348 1355/1554/1348
f 1357/1549/1349 1359/1548/1349 1360/1551/1349 1358/1550/1349
f 1359/1551/1350 1357/1548/1350 1355/1553/1350
o For_Ref
v 0.230715 0.043684 -0.489088
v 1.198593 0.137379 -0.567050
v 0.205938 -0.042688 -0.707805
v 1.171365 -0.121738 -0.638428
v 0.227278 0.216429 -0.709524
v 1.180929 0.137379 -0.786340
vn 0.0223 0.9309 0.3646
vn -0.1024 -0.9212 0.3754
vn 0.9934 -0.0823 -0.0800
vn 0.1036 -0.2742 0.9561
vn -0.0264 -0.2758 -0.9608
vn -0.9934 0.0823 0.0800
vt 0.720067 0.279933
vt 0.279933 0.279933
vt 0.279933 0.720067
vt 0.720067 0.720067
vt 0.426644 0.720067
vt 0.279933 0.426644
vt 0.426644 0.279933
s 0
usemtl Advanced_Glass_With_Imperfections
f 1365/1555/1351 1361/1556/1351 1362/1557/1351 1366/1558/1351
f 1364/1559/1352 1361/1560/1352 1363/1555/1352
f 1362/1557/1353 1364/1561/1353 1366/1558/1353
f 1364/1559/1354 1362/1558/1354 1361/1561/1354
f 1363/1556/1355 1365/1555/1355 1366/1558/1355 1364/1557/1355
f 1365/1558/1356 1363/1555/1356 1361/1560/1356
o For_Ref
v 0.128469 -0.572580 -1.124268
v 1.096347 -0.478884 -1.202230
v 0.103692 -0.658952 -1.342985
v 1.069119 -0.738002 -1.273607
v 0.125032 -0.399835 -1.344704
v 1.078683 -0.478884 -1.421520
vn 0.0223 0.9309 0.3646
vn -0.1024 -0.9212 0.3754
vn 0.9934 -0.0823 -0.0800
vn 0.1036 -0.2742 0.9561
vn -0.0264 -0.2758 -0.9608
vn -0.9934 0.0823 0.0800
vt 0.720067 0.279933
vt 0.279933 0.279933
vt 0.279933 0.720067
vt 0.720067 0.720067
vt 0.426644 0.720067
vt 0.279933 0.426644
vt 0.426644 0.279933
s 0
usemtl Advanced_Glass_With_Imperfections
f 1371/1562/1357 1367/1563/1357 1368/1564/1357 1372/1565/1357
f 1370/1566/1358 1367/1567/1358 1369/1562/1358
f 1368/1564/1359 1370/1568/1359 1372/1565/1359
f 1370/1566/1360 1368/1565/1360 1367/1568/1360
f 1369/1563/1361 1371/1562/1361 1372/1565/1361 1370/1564/1361
f 1371/1565/1362 1369/1562/1362 1367/1567/1362
o For_Ref
v 0.150220 -0.629211 -0.795954
v 1.118098 -0.535515 -0.873916
v 0.125443 -0.715583 -1.014671
v 1.090870 -0.794632 -0.945294
v 0.146783 -0.456466 -1.016390
v 1.100435 -0.535515 -1.093206
vn 0.0223 0.9309 0.3646
vn -0.1024 -0.9212 0.3754
vn 0.9934 -0.0823 -0.0800
vn 0.1036 -0.2742 0.9561
vn -0.0264 -0.2758 -0.9608
vn -0.9934 0.0823 0.0800
vt 0.720067 0.279933
vt 0.279933 0.279933
vt 0.279933 0.720067
vt 0.720067 0.720067
vt 0.426644 0.720067
vt 0.279933 0.426644
vt 0.426644 0.279933
s 0
usemtl Advanced_Glass_With_Imperfections
f 1377/1569/1363 1373/1570/1363 1374/1571/1363 1378/1572/1363
f 1376/1573/1364 1373/1574/1364 1375/1569/1364
f 1374/1571/1365 1376/1575/1365 1378/1572/1365
f 1376/1573/1366 1374/1572/1366 1373/1575/1366
f 1375/1570/1367 1377/1569/1367 1378/1572/1367 1376/1571/1367
f 1377/1572/1368 1375/1569/1368 1373/1574/1368
o For_Ref
v 0.077206 0.171189 -0.758701
v 0.018489 0.416455 0.183658
v 0.296374 0.084770 -0.738494
v 0.090461 0.157196 0.207796
v 0.297594 0.344029 -0.758072
v 0.238064 0.416455 0.197340
vn -0.3550 0.9182 -0.1758
vn -0.3661 -0.9305 -0.0085
vn -0.0620 0.0754 0.9952
vn -0.9637 -0.2667 0.0094
vn 0.9522 -0.2644 0.1530
vn 0.0620 -0.0754 -0.9952
vt 0.720067 0.279933
vt 0.279933 0.279933
vt 0.279933 0.720067
vt 0.720067 0.720067
vt 0.426644 0.720067
vt 0.279933 0.426644
vt 0.426644 0.279933
s 0
usemtl Advanced_Glass_With_Imperfections
f 1383/1576/1369 1379/1577/1369 1380/1578/1369 1384/1579/1369
f 1382/1580/1370 1379/1581/1370 1381/1576/1370
f 1380/1578/1371 1382/1582/1371 1384/1579/1371
f 1382/1580/1372 1380/1579/1372 1379/1582/1372
f 1381/1577/1373 1383/1576/1373 1384/1579/1373 1382/1578/1373
f 1383/1579/1374 1381/1576/1374 1379/1581/1374
o For_Ref
v -0.048416 0.251962 -0.772652
v -0.107133 0.497227 0.169708
v 0.170752 0.165542 -0.752445
v -0.035161 0.237968 0.193846
v 0.171972 0.424802 -0.772022
v 0.112441 0.497227 0.183389
vn -0.3550 0.9182 -0.1758
vn -0.3661 -0.9305 -0.0085
vn -0.0620 0.0754 0.9952
vn -0.9637 -0.2667 0.0094
vn 0.9522 -0.2644 0.1530
vn 0.0620 -0.0754 -0.9952
vt 0.720067 0.279933
vt 0.279933 0.279933
vt 0.279933 0.720067
vt 0.720067 0.720067
vt 0.426644 0.720067
vt 0.279933 0.426644
vt 0.426644 0.279933
s 0
usemtl Advanced_Glass_With_Imperfections
f 1389/1583/1375 1385/1584/1375 1386/1585/1375 1390/1586/1375
f 1388/1587/1376 1385/1588/1376 1387/1583/1376
f 1386/1585/1377 1388/1589/1377 1390/1586/1377
f 1388/1587/1378 1386/1586/1378 1385/1589/1378
f 1387/1584/1379 1389/1583/1379 1390/1586/1379 1388/1585/1379
f 1389/1586/1380 1387/1583/1380 1385/1588/1380
o For_Ref
v -0.671304 -0.544794 -0.751064
v -0.730021 -0.299529 0.191296
v -0.452137 -0.631213 -0.730857
v -0.658050 -0.558788 0.215434
v -0.450917 -0.371955 -0.750434
v -0.510447 -0.299529 0.204977
vn -0.3550 0.9182 -0.1758
vn -0.3661 -0.9305 -0.0085
vn -0.0620 0.0754 0.9952
vn -0.9637 -0.2667 0.0094
vn 0.9522 -0.2644 0.1530
vn 0.0620 -0.0754 -0.9952
vt 0.720067 0.279933
vt 0.279933 0.279933
vt 0.279933 0.720067
vt 0.720067 0.720067
vt 0.426644 0.720067
vt 0.279933 0.426644
vt 0.426644 0.279933
s 0
usemtl Advanced_Glass_With_Imperfections
f 1395/1590/1381 1391/1591/1381 1392/1592/1381 1396/1593/1381
f 1394/1594/1382 1391/1595/1382 1393/1590/1382
f 1392/1592/1383 1394/1596/1383 1396/1593/1383
f 1394/1594/1384 1392/1593/1384 1391/1596/1384
f 1393/1591/1385 1395/1590/1385 1396/1593/1385 1394/1592/1385
f 1395/1593/1386 1393/1590/1386 1391/1595/1386
o For_Ref
v 0.058080 -0.533623 -0.706464
v -0.000637 -0.288357 0.235896
v 0.277247 -0.620042 -0.686257
v 0.071334 -0.547616 0.260034
v 0.278467 -0.360783 -0.705834
v 0.218937 -0.288357 0.249577
vn -0.3550 0.9182 -0.1758
vn -0.3661 -0.9305 -0.0085
vn -0.0620 0.0754 0.9952
vn -0.9637 -0.2667 0.0094
vn 0.9522 -0.2644 0.1530
vn 0.0620 -0.0754 -0.9952
vt 0.720067 0.279933
vt 0.279933 0.279933
vt 0.279933 0.720067
vt 0.720067 0.720067
vt 0.426644 0.720067
vt 0.279933 0.426644
vt 0.426644 0.279933
s 0
usemtl Advanced_Glass_With_Imperfections
f 1401/1597/1387 1397/1598/1387 1398/1599/1387 1402/1600/1387
f 1400/1601/1388 1397/1602/1388 1399/1597/1388
f 1398/1599/1389 1400/1603/1389 1402/1600/1389
f 1400/1601/1390 1398/1600/1390 1397/1603/1390
f 1399/1598/1391 1401/1597/1391 1402/1600/1391 1400/1599/1391
f 1401/1600/1392 1399/1597/1392 1397/1602/1392
o For_Ref
v -0.129718 -0.301297 -1.512870
v -0.325943 -1.233880 -1.721272
v -0.230900 -0.311602 -1.299406
v -0.202364 -1.264793 -1.483049
v -0.407870 -0.280689 -1.487358
v -0.486115 -1.233880 -1.570458
vn -0.3583 0.1933 -0.9134
vn 0.9033 -0.0549 0.4255
vn -0.0815 -0.9929 -0.0866
vn 0.8804 -0.0808 -0.4672
vn -0.5205 -0.1050 0.8474
vn 0.0815 0.9929 0.0866
vt 0.720067 0.279933
vt 0.279933 0.279933
vt 0.279933 0.720067
vt 0.720067 0.720067
vt 0.426644 0.720067
vt 0.279933 0.426644
vt 0.426644 0.279933
s 0
usemtl Advanced_Glass_With_Imperfections
f 1407/1604/1393 1403/1605/1393 1404/1606/1393 1408/1607/1393
f 1406/1608/1394 1403/1609/1394 1405/1604/1394
f 1404/1606/1395 1406/1610/1395 1408/1607/1395
f 1406/1608/1396 1404/1607/1396 1403/1610/1396
f 1405/1605/1397 1407/1604/1397 1408/1607/1397 1406/1606/1397
f 1407/1607/1398 1405/1604/1398 1403/1609/1398
o For_Ref
v 0.401675 -0.381685 -1.091138
v 0.205450 -1.314268 -1.299539
v 0.300493 -0.391990 -0.877673
v 0.329029 -1.345181 -1.061316
v 0.123522 -0.361077 -1.065625
v 0.045277 -1.314268 -1.148725
vn -0.3583 0.1933 -0.9134
vn 0.9033 -0.0549 0.4255
vn -0.0815 -0.9929 -0.0866
vn 0.8804 -0.0808 -0.4672
vn -0.5205 -0.1050 0.8474
vn 0.0815 0.9929 0.0866
vt 0.720067 0.279933
vt 0.279933 0.279933
vt 0.279933 0.720067
vt 0.720067 0.720067
vt 0.426644 0.720067
vt 0.279933 0.426644
vt 0.426644 0.279933
s 0
usemtl Advanced_Glass_With_Imperfections
f 1413/1611/1399 1409/1612/1399 1410/1613/1399 1414/1614/1399
f 1412/1615/1400 1409/1616/1400 1411/1611/1400
f 1410/1613/1401 1412/1617/1401 1414/1614/1401
f 1412/1615/1402 1410/1614/1402 1409/1617/1402
f 1411/1612/1403 1413/1611/1403 1414/1614/1403 1412/1613/1403
f 1413/1614/1404 1411/1611/1404 1409/1616/1404
o For_Ref
v -0.615529 -0.197407 -2.247097
v -0.811754 -1.129989 -2.455499
v -0.716711 -0.207712 -2.033633
v -0.688175 -1.160902 -2.217276
v -0.893682 -0.176799 -2.221585
v -0.971927 -1.129989 -2.304685
vn -0.3583 0.1933 -0.9134
vn 0.9033 -0.0549 0.4255
vn -0.0815 -0.9929 -0.0866
vn 0.8804 -0.0808 -0.4672
vn -0.5205 -0.1050 0.8474
vn 0.0815 0.9929 0.0866
vt 0.720067 0.279933
vt 0.279933 0.279933
vt 0.279933 0.720067
vt 0.720067 0.720067
vt 0.426644 0.720067
vt 0.279933 0.426644
vt 0.426644 0.279933
s 0
usemtl Advanced_Glass_With_Imperfections
f 1419/1618/1405 1415/1619/1405 1416/1620/1405 1420/1621/1405
f 1418/1622/1406 1415/1623/1406 1417/1618/1406
f 1416/1620/1407 1418/1624/1407 1420/1621/1407
f 1418/1622/1408 1416/1621/1408 1415/1624/1408
f 1417/1619/1409 1419/1618/1409 1420/1621/1409 1418/1620/1409
f 1419/1621/1410 1417/1618/1410 1415/1623/1410
o For_Ref
v -0.672969 -0.201979 -2.140578
v -0.869194 -1.134561 -2.348980
v -0.774151 -0.212283 -1.927114
v -0.745614 -1.165474 -2.110757
v -0.951121 -0.181370 -2.115066
v -1.029366 -1.134561 -2.198166
vn -0.3583 0.1933 -0.9134
vn 0.9033 -0.0549 0.4255
vn -0.0815 -0.9929 -0.0866
vn 0.8804 -0.0808 -0.4672
vn -0.5205 -0.1050 0.8474
vn 0.0815 0.9929 0.0866
vt 0.720067 0.279933
vt 0.279933 0.279933
vt 0.279933 0.720067
vt 0.720067 0.720067
vt 0.426644 0.720067
vt 0.279933 0.426644
vt 0.426644 0.279933
s 0
usemtl Advanced_Glass_With_Imperfections
f 1425/1625/1411 1421/1626/1411 1422/1627/1411 1426/1628/1411
f 1424/1629/1412 1421/1630/1412 1423/1625/1412
f 1422/1627/1413 1424/1631/1413 1426/1628/1413
f 1424/1629/1414 1422/1628/1414 1421/1631/1414
f 1423/1626/1415 1425/1625/1415 1426/1628/1415 1424/1627/1415
f 1425/1628/1416 1423/1625/1416 1421/1630/1416
o For_Ref
v -0.389161 -0.347624 -0.737206
v -0.585387 -1.280206 -0.945608
v -0.490344 -0.357928 -0.523742
v -0.461807 -1.311119 -0.707385
v -0.667314 -0.327015 -0.711693
v -0.745559 -1.280206 -0.794794
vn -0.3583 0.1933 -0.9134
vn 0.9033 -0.0549 0.4255
vn -0.0815 -0.9929 -0.0866
vn 0.8804 -0.0808 -0.4672
vn -0.5205 -0.1050 0.8474
vn 0.0815 0.9929 0.0866
vt 0.720067 0.279933
vt 0.279933 0.279933
vt 0.279933 0.720067
vt 0.720067 0.720067
vt 0.426644 0.720067
vt 0.279933 0.426644
vt 0.426644 0.279933
s 0
usemtl Advanced_Glass_With_Imperfections
f 1431/1632/1417 1427/1633/1417 1428/1634/1417 1432/1635/1417
f 1430/1636/1418 1427/1637/1418 1429/1632/1418
f 1428/1634/1419 1430/1638/1419 1432/1635/1419
f 1430/1636/1420 1428/1635/1420 1427/1638/1420
f 1429/1633/1421 1431/1632/1421 1432/1635/1421 1430/1634/1421
f 1431/1635/1422 1429/1632/1422 1427/1637/1422
o For_Ref
v -0.205349 -0.317855 -1.251732
v -0.401574 -1.250438 -1.460133
v -0.306532 -0.328160 -1.038267
v -0.277995 -1.281351 -1.221910
v -0.483502 -0.297247 -1.226219
v -0.561747 -1.250438 -1.309320
vn -0.3583 0.1933 -0.9134
vn 0.9033 -0.0549 0.4255
vn -0.0815 -0.9929 -0.0866
vn 0.8804 -0.0808 -0.4672
vn -0.5205 -0.1050 0.8474
vn 0.0815 0.9929 0.0866
vt 0.720067 0.279933
vt 0.279933 0.279933
vt 0.279933 0.720067
vt 0.720067 0.720067
vt 0.426644 0.720067
vt 0.279933 0.426644
vt 0.426644 0.279933
s 0
usemtl Advanced_Glass_With_Imperfections
f 1437/1639/1423 1433/1640/1423 1434/1641/1423 1438/1642/1423
f 1436/1643/1424 1433/1644/1424 1435/1639/1424
f 1434/1641/1425 1436/1645/1425 1438/1642/1425
f 1436/1643/1426 1434/1642/1426 1433/1645/1426
f 1435/1640/1427 1437/1639/1427 1438/1642/1427 1436/1641/1427
f 1437/1642/1428 1435/1639/1428 1433/1644/1428
o For_Ref
v -0.644209 0.284515 -1.606206
v -0.683944 1.258314 -1.648406
v -0.425047 0.274211 -1.694369
v -0.453583 1.227401 -1.510726
v -0.602017 0.305124 -1.882321
v -0.523772 1.258314 -1.799220
vn -0.9038 0.0271 -0.4271
vn 0.3613 -0.1660 0.9176
vn 0.0815 0.9929 0.0866
vn -0.5113 0.0164 0.8592
vn 0.8891 0.0406 -0.4559
vn -0.0815 -0.9929 -0.0866
vt 0.720067 0.279933
vt 0.279933 0.279933
vt 0.279933 0.720067
vt 0.720067 0.720067
vt 0.426644 0.720067
vt 0.279933 0.426644
vt 0.426644 0.279933
s 0
usemtl Advanced_Glass_With_Imperfections
f 1443/1646/1429 1439/1647/1429 1440/1648/1429 1444/1649/1429
f 1442/1650/1430 1439/1651/1430 1441/1646/1430
f 1440/1648/1431 1442/1652/1431 1444/1649/1431
f 1442/1650/1432 1440/1649/1432 1439/1652/1432
f 1441/1647/1433 1443/1646/1433 1444/1649/1433 1442/1648/1433
f 1443/1649/1434 1441/1646/1434 1439/1651/1434
o For_Ref
v -0.345186 0.263589 -1.647728
v -0.384922 1.237388 -1.689928
v -0.126024 0.253285 -1.735891
v -0.154561 1.206475 -1.552248
v -0.302994 0.284197 -1.923843
v -0.224749 1.237388 -1.840742
vn -0.9038 0.0271 -0.4271
vn 0.3613 -0.1660 0.9176
vn 0.0815 0.9929 0.0866
vn -0.5113 0.0164 0.8592
vn 0.8891 0.0406 -0.4559
vn -0.0815 -0.9929 -0.0866
vt 0.720067 0.279933
vt 0.279933 0.279933
vt 0.279933 0.720067
vt 0.720067 0.720067
vt 0.426644 0.720067
vt 0.279933 0.426644
vt 0.426644 0.279933
s 0
usemtl Advanced_Glass_With_Imperfections
f 1449/1653/1435 1445/1654/1435 1446/1655/1435 1450/1656/1435
f 1448/1657/1436 1445/1658/1436 1447/1653/1436
f 1446/1655/1437 1448/1659/1437 1450/1656/1437
f 1448/1657/1438 1446/1656/1438 1445/1659/1438
f 1447/1654/1439 1449/1653/1439 1450/1656/1439 1448/1655/1439
f 1449/1656/1440 1447/1653/1440 1445/1658/1440
o For_Ref
v 0.144533 0.270524 -2.188387
v 0.104797 1.244323 -2.230587
v 0.363695 0.260220 -2.276550
v 0.335158 1.213411 -2.092907
v 0.186725 0.291133 -2.464502
v 0.264970 1.244323 -2.381401
vn -0.9038 0.0271 -0.4271
vn 0.3613 -0.1660 0.9176
vn 0.0815 0.9929 0.0866
vn -0.5113 0.0164 0.8592
vn 0.8891 0.0406 -0.4559
vn -0.0815 -0.9929 -0.0866
vt 0.720067 0.279933
vt 0.279933 0.279933
vt 0.279933 0.720067
vt 0.720067 0.720067
vt 0.426644 0.720067
vt 0.279933 0.426644
vt 0.426644 0.279933
s 0
usemtl Advanced_Glass_With_Imperfections
f 1455/1660/1441 1451/1661/1441 1452/1662/1441 1456/1663/1441
f 1454/1664/1442 1451/1665/1442 1453/1660/1442
f 1452/1662/1443 1454/1666/1443 1456/1663/1443
f 1454/1664/1444 1452/1663/1444 1451/1666/1444
f 1453/1661/1445 1455/1660/1445 1456/1663/1445 1454/1662/1445
f 1455/1663/1446 1453/1660/1446 1451/1665/1446
o For_Ref
v -0.039535 0.224107 -1.482647
v -0.079270 1.197906 -1.524848
v 0.179628 0.213802 -1.570810
v 0.151091 1.166993 -1.387167
v 0.002658 0.244715 -1.758762
v 0.080902 1.197906 -1.675661
vn -0.9038 0.0271 -0.4271
vn 0.3613 -0.1660 0.9176
vn 0.0815 0.9929 0.0866
vn -0.5113 0.0164 0.8592
vn 0.8891 0.0406 -0.4559
vn -0.0815 -0.9929 -0.0866
vt 0.720067 0.279933
vt 0.279933 0.279933
vt 0.279933 0.720067
vt 0.720067 0.720067
vt 0.426644 0.720067
vt 0.279933 0.426644
vt 0.426644 0.279933
s 0
usemtl Advanced_Glass_With_Imperfections
f 1461/1667/1447 1457/1668/1447 1458/1669/1447 1462/1670/1447
f 1460/1671/1448 1457/1672/1448 1459/1667/1448
f 1458/1669/1449 1460/1673/1449 1462/1670/1449
f 1460/1671/1450 1458/1670/1450 1457/1673/1450
f 1459/1668/1451 1461/1667/1451 1462/1670/1451 1460/1669/1451
f 1461/1670/1452 1459/1667/1452 1457/1672/1452
o For_Ref
v -0.193289 0.146819 -0.451361
v -0.233024 1.120618 -0.493562
v 0.025874 0.136515 -0.539524
v -0.002663 1.089705 -0.355881
v -0.151097 0.167428 -0.727476
v -0.072852 1.120618 -0.644375
vn -0.9038 0.0271 -0.4271
vn 0.3613 -0.1660 0.9176
vn 0.0815 0.9929 0.0866
vn -0.5113 0.0164 0.8592
vn 0.8891 0.0406 -0.4559
vn -0.0815 -0.9929 -0.0866
vt 0.720067 0.279933
vt 0.279933 0.279933
vt 0.279933 0.720067
vt 0.720067 0.720067
vt 0.426644 0.720067
vt 0.279933 0.426644
vt 0.426644 0.279933
s 0
usemtl Advanced_Glass_With_Imperfections
f 1467/1674/1453 1463/1675/1453 1464/1676/1453 1468/1677/1453
f 1466/1678/1454 1463/1679/1454 1465/1674/1454
f 1464/1676/1455 1466/1680/1455 1468/1677/1455
f 1466/1678/1456 1464/1677/1456 1463/1680/1456
f 1465/1675/1457 1467/1674/1457 1468/1677/1457 1466/1676/1457
f 1467/1677/1458 1465/1674/1458 1463/1679/1458
o For_Ref
v -0.053363 0.168587 -0.832798
v -0.093099 1.142386 -0.874999
v 0.165799 0.158283 -0.920961
v 0.137263 1.111473 -0.737318
v -0.011171 0.189196 -1.108913
v 0.067074 1.142386 -1.025813
vn -0.9038 0.0271 -0.4271
vn 0.3613 -0.1660 0.9176
vn 0.0815 0.9929 0.0866
vn -0.5113 0.0164 0.8592
vn 0.8891 0.0406 -0.4559
vn -0.0815 -0.9929 -0.0866
vt 0.720067 0.279933
vt 0.279933 0.279933
vt 0.279933 0.720067
vt 0.720067 0.720067
vt 0.426644 0.720067
vt 0.279933 0.426644
vt 0.426644 0.279933
s 0
usemtl Advanced_Glass_With_Imperfections
f 1473/1681/1459 1469/1682/1459 1470/1683/1459 1474/1684/1459
f 1472/1685/1460 1469/1686/1460 1471/1681/1460
f 1470/1683/1461 1472/1687/1461 1474/1684/1461
f 1472/1685/1462 1470/1684/1462 1469/1687/1462
f 1471/1682/1463 1473/1681/1463 1474/1684/1463 1472/1683/1463
f 1473/1684/1464 1471/1681/1464 1469/1686/1464
o For_Ref
v -0.398701 0.191994 -0.776130
v -0.438436 1.165794 -0.818331
v -0.179538 0.181690 -0.864293
v -0.208075 1.134881 -0.680650
v -0.356508 0.212603 -1.052245
v -0.278264 1.165794 -0.969145
vn -0.9038 0.0271 -0.4271
vn 0.3613 -0.1660 0.9176
vn 0.0815 0.9929 0.0866
vn -0.5113 0.0164 0.8592
vn 0.8891 0.0406 -0.4559
vn -0.0815 -0.9929 -0.0866
vt 0.720067 0.279933
vt 0.279933 0.279933
vt 0.279933 0.720067
vt 0.720067 0.720067
vt 0.426644 0.720067
vt 0.279933 0.426644
vt 0.426644 0.279933
s 0
usemtl Advanced_Glass_With_Imperfections
f 1479/1688/1465 1475/1689/1465 1476/1690/1465 1480/1691/1465
f 1478/1692/1466 1475/1693/1466 1477/1688/1466
f 1476/1690/1467 1478/1694/1467 1480/1691/1467
f 1478/1692/1468 1476/1691/1468 1475/1694/1468
f 1477/1689/1469 1479/1688/1469 1480/1691/1469 1478/1690/1469
f 1479/1691/1470 1477/1688/1470 1475/1693/1470
o For_Ref
v 3.969933 -0.223278 4.273105
v 3.969933 0.230189 4.000741
v 4.410067 -0.230189 4.419653
v 4.116644 0.209456 4.440387
v 4.410067 -0.209456 3.980008
v 4.410067 0.230189 4.000741
vn -0.3015 -0.2586 -0.9177
vn -0.3094 -0.2498 0.9175
vn -0.0000 0.9989 0.0471
vn -0.9283 0.1915 0.3188
vn 0.9045 0.2870 0.3154
vn -0.0000 -0.9989 -0.0471
vt 0.720067 0.279933
vt 0.279933 0.279933
vt 0.279933 0.720067
vt 0.720067 0.720067
vt 0.426644 0.720067
vt 0.279933 0.426644
vt 0.426644 0.279933
s 0
usemtl Advanced_Glass_With_Imperfections
f 1485/1695/1471 1481/1696/1471 1482/1697/1471 1486/1698/1471
f 1484/1699/1472 1481/1700/1472 1483/1695/1472
f 1482/1697/1473 1484/1701/1473 1486/1698/1473
f 1484/1699/1474 1482/1698/1474 1481/1701/1474
f 1483/1696/1475 1485/1695/1475 1486/1698/1475 1484/1697/1475
f 1485/1698/1476 1483/1695/1476 1481/1700/1476
